-- phpMyAdmin SQL Dump
-- version 5.2.1
-- https://www.phpmyadmin.net/
--
-- Host: 127.0.0.1
-- Generation Time: Jun 15, 2025 at 11:18 PM
-- Server version: 10.4.32-MariaDB
-- PHP Version: 8.2.12

SET SQL_MODE = "NO_AUTO_VALUE_ON_ZERO";
START TRANSACTION;
SET time_zone = "+00:00";


/*!40101 SET @OLD_CHARACTER_SET_CLIENT=@@CHARACTER_SET_CLIENT */;
/*!40101 SET @OLD_CHARACTER_SET_RESULTS=@@CHARACTER_SET_RESULTS */;
/*!40101 SET @OLD_COLLATION_CONNECTION=@@COLLATION_CONNECTION */;
/*!40101 SET NAMES utf8mb4 */;

--
-- Database: `warehouse`
--

-- --------------------------------------------------------

--
-- Table structure for table `department`
--

CREATE TABLE `department` (
  `id` varchar(25) NOT NULL,
  `name` varchar(100) DEFAULT NULL,
  `manager` varchar(100) DEFAULT NULL,
  `contact` varchar(50) DEFAULT NULL
) ENGINE=InnoDB DEFAULT CHARSET=utf8mb4 COLLATE=utf8mb4_general_ci;

--
-- Dumping data for table `department`
--

INSERT INTO `department` (`id`, `name`, `manager`, `contact`) VALUES
('DEPT001', 'Production', 'Ms. April Yoder', '536.357.9735'),
('DEPT002', 'Logistics', 'Stephanie Herman', '(597)344-7202x724'),
('DEPT003', 'Quality Control', 'Sara Farmer', '697.266.4216x933'),
('DEPT004', 'Maintenance', 'Sandra Pena', '(854)504-7627'),
('DEPT005', 'Purchasing', 'John Soto', '789.973.4888x0870'),
('DEPT006', 'Warehouse', 'Kirk Jones', '001-650-754-3111x933');

-- --------------------------------------------------------

--
-- Table structure for table `dim_date`
--

CREATE TABLE `dim_date` (
  `date_id` date NOT NULL,
  `day` int(11) DEFAULT NULL,
  `month` int(11) DEFAULT NULL,
  `quarter` int(11) DEFAULT NULL,
  `year` int(11) DEFAULT NULL,
  `day_of_week` int(11) DEFAULT NULL,
  `day_name` varchar(10) DEFAULT NULL,
  `month_name` varchar(10) DEFAULT NULL,
  `is_weekend` tinyint(1) DEFAULT NULL
) ENGINE=InnoDB DEFAULT CHARSET=utf8mb4 COLLATE=utf8mb4_general_ci;

--
-- Dumping data for table `dim_date`
--

INSERT INTO `dim_date` (`date_id`, `day`, `month`, `quarter`, `year`, `day_of_week`, `day_name`, `month_name`, `is_weekend`) VALUES
('2023-01-01', 1, 1, 1, 2023, 7, 'Sunday', 'January', 1),
('2023-01-02', 2, 1, 1, 2023, 1, 'Monday', 'January', 0),
('2023-01-03', 3, 1, 1, 2023, 2, 'Tuesday', 'January', 0),
('2023-01-04', 4, 1, 1, 2023, 3, 'Wednesday', 'January', 0),
('2023-01-05', 5, 1, 1, 2023, 4, 'Thursday', 'January', 0),
('2023-01-06', 6, 1, 1, 2023, 5, 'Friday', 'January', 0),
('2023-01-07', 7, 1, 1, 2023, 6, 'Saturday', 'January', 1),
('2023-01-08', 8, 1, 1, 2023, 7, 'Sunday', 'January', 1),
('2023-01-09', 9, 1, 1, 2023, 1, 'Monday', 'January', 0),
('2023-01-10', 10, 1, 1, 2023, 2, 'Tuesday', 'January', 0),
('2023-01-11', 11, 1, 1, 2023, 3, 'Wednesday', 'January', 0),
('2023-01-12', 12, 1, 1, 2023, 4, 'Thursday', 'January', 0),
('2023-01-13', 13, 1, 1, 2023, 5, 'Friday', 'January', 0),
('2023-01-14', 14, 1, 1, 2023, 6, 'Saturday', 'January', 1),
('2023-01-15', 15, 1, 1, 2023, 7, 'Sunday', 'January', 1),
('2023-01-16', 16, 1, 1, 2023, 1, 'Monday', 'January', 0),
('2023-01-17', 17, 1, 1, 2023, 2, 'Tuesday', 'January', 0),
('2023-01-18', 18, 1, 1, 2023, 3, 'Wednesday', 'January', 0),
('2023-01-19', 19, 1, 1, 2023, 4, 'Thursday', 'January', 0),
('2023-01-20', 20, 1, 1, 2023, 5, 'Friday', 'January', 0),
('2023-01-21', 21, 1, 1, 2023, 6, 'Saturday', 'January', 1),
('2023-01-22', 22, 1, 1, 2023, 7, 'Sunday', 'January', 1),
('2023-01-23', 23, 1, 1, 2023, 1, 'Monday', 'January', 0),
('2023-01-24', 24, 1, 1, 2023, 2, 'Tuesday', 'January', 0),
('2023-01-25', 25, 1, 1, 2023, 3, 'Wednesday', 'January', 0),
('2023-01-26', 26, 1, 1, 2023, 4, 'Thursday', 'January', 0),
('2023-01-27', 27, 1, 1, 2023, 5, 'Friday', 'January', 0),
('2023-01-28', 28, 1, 1, 2023, 6, 'Saturday', 'January', 1),
('2023-01-29', 29, 1, 1, 2023, 7, 'Sunday', 'January', 1),
('2023-01-30', 30, 1, 1, 2023, 1, 'Monday', 'January', 0),
('2023-01-31', 31, 1, 1, 2023, 2, 'Tuesday', 'January', 0),
('2023-02-01', 1, 2, 1, 2023, 3, 'Wednesday', 'February', 0),
('2023-02-02', 2, 2, 1, 2023, 4, 'Thursday', 'February', 0),
('2023-02-03', 3, 2, 1, 2023, 5, 'Friday', 'February', 0),
('2023-02-04', 4, 2, 1, 2023, 6, 'Saturday', 'February', 1),
('2023-02-05', 5, 2, 1, 2023, 7, 'Sunday', 'February', 1),
('2023-02-06', 6, 2, 1, 2023, 1, 'Monday', 'February', 0),
('2023-02-07', 7, 2, 1, 2023, 2, 'Tuesday', 'February', 0),
('2023-02-08', 8, 2, 1, 2023, 3, 'Wednesday', 'February', 0),
('2023-02-09', 9, 2, 1, 2023, 4, 'Thursday', 'February', 0),
('2023-02-10', 10, 2, 1, 2023, 5, 'Friday', 'February', 0),
('2023-02-11', 11, 2, 1, 2023, 6, 'Saturday', 'February', 1),
('2023-02-12', 12, 2, 1, 2023, 7, 'Sunday', 'February', 1),
('2023-02-13', 13, 2, 1, 2023, 1, 'Monday', 'February', 0),
('2023-02-14', 14, 2, 1, 2023, 2, 'Tuesday', 'February', 0),
('2023-02-15', 15, 2, 1, 2023, 3, 'Wednesday', 'February', 0),
('2023-02-16', 16, 2, 1, 2023, 4, 'Thursday', 'February', 0),
('2023-02-17', 17, 2, 1, 2023, 5, 'Friday', 'February', 0),
('2023-02-18', 18, 2, 1, 2023, 6, 'Saturday', 'February', 1),
('2023-02-19', 19, 2, 1, 2023, 7, 'Sunday', 'February', 1),
('2023-02-20', 20, 2, 1, 2023, 1, 'Monday', 'February', 0),
('2023-02-21', 21, 2, 1, 2023, 2, 'Tuesday', 'February', 0),
('2023-02-22', 22, 2, 1, 2023, 3, 'Wednesday', 'February', 0),
('2023-02-23', 23, 2, 1, 2023, 4, 'Thursday', 'February', 0),
('2023-02-24', 24, 2, 1, 2023, 5, 'Friday', 'February', 0),
('2023-02-25', 25, 2, 1, 2023, 6, 'Saturday', 'February', 1),
('2023-02-26', 26, 2, 1, 2023, 7, 'Sunday', 'February', 1),
('2023-02-27', 27, 2, 1, 2023, 1, 'Monday', 'February', 0),
('2023-02-28', 28, 2, 1, 2023, 2, 'Tuesday', 'February', 0),
('2023-03-01', 1, 3, 1, 2023, 3, 'Wednesday', 'March', 0),
('2023-03-02', 2, 3, 1, 2023, 4, 'Thursday', 'March', 0),
('2023-03-03', 3, 3, 1, 2023, 5, 'Friday', 'March', 0),
('2023-03-04', 4, 3, 1, 2023, 6, 'Saturday', 'March', 1),
('2023-03-05', 5, 3, 1, 2023, 7, 'Sunday', 'March', 1),
('2023-03-06', 6, 3, 1, 2023, 1, 'Monday', 'March', 0),
('2023-03-07', 7, 3, 1, 2023, 2, 'Tuesday', 'March', 0),
('2023-03-08', 8, 3, 1, 2023, 3, 'Wednesday', 'March', 0),
('2023-03-09', 9, 3, 1, 2023, 4, 'Thursday', 'March', 0),
('2023-03-10', 10, 3, 1, 2023, 5, 'Friday', 'March', 0),
('2023-03-11', 11, 3, 1, 2023, 6, 'Saturday', 'March', 1),
('2023-03-12', 12, 3, 1, 2023, 7, 'Sunday', 'March', 1),
('2023-03-13', 13, 3, 1, 2023, 1, 'Monday', 'March', 0),
('2023-03-14', 14, 3, 1, 2023, 2, 'Tuesday', 'March', 0),
('2023-03-15', 15, 3, 1, 2023, 3, 'Wednesday', 'March', 0),
('2023-03-16', 16, 3, 1, 2023, 4, 'Thursday', 'March', 0),
('2023-03-17', 17, 3, 1, 2023, 5, 'Friday', 'March', 0),
('2023-03-18', 18, 3, 1, 2023, 6, 'Saturday', 'March', 1),
('2023-03-19', 19, 3, 1, 2023, 7, 'Sunday', 'March', 1),
('2023-03-20', 20, 3, 1, 2023, 1, 'Monday', 'March', 0),
('2023-03-21', 21, 3, 1, 2023, 2, 'Tuesday', 'March', 0),
('2023-03-22', 22, 3, 1, 2023, 3, 'Wednesday', 'March', 0),
('2023-03-23', 23, 3, 1, 2023, 4, 'Thursday', 'March', 0),
('2023-03-24', 24, 3, 1, 2023, 5, 'Friday', 'March', 0),
('2023-03-25', 25, 3, 1, 2023, 6, 'Saturday', 'March', 1),
('2023-03-26', 26, 3, 1, 2023, 7, 'Sunday', 'March', 1),
('2023-03-27', 27, 3, 1, 2023, 1, 'Monday', 'March', 0),
('2023-03-28', 28, 3, 1, 2023, 2, 'Tuesday', 'March', 0),
('2023-03-29', 29, 3, 1, 2023, 3, 'Wednesday', 'March', 0),
('2023-03-30', 30, 3, 1, 2023, 4, 'Thursday', 'March', 0),
('2023-03-31', 31, 3, 1, 2023, 5, 'Friday', 'March', 0),
('2023-04-01', 1, 4, 2, 2023, 6, 'Saturday', 'April', 1),
('2023-04-02', 2, 4, 2, 2023, 7, 'Sunday', 'April', 1),
('2023-04-03', 3, 4, 2, 2023, 1, 'Monday', 'April', 0),
('2023-04-04', 4, 4, 2, 2023, 2, 'Tuesday', 'April', 0),
('2023-04-05', 5, 4, 2, 2023, 3, 'Wednesday', 'April', 0),
('2023-04-06', 6, 4, 2, 2023, 4, 'Thursday', 'April', 0),
('2023-04-07', 7, 4, 2, 2023, 5, 'Friday', 'April', 0),
('2023-04-08', 8, 4, 2, 2023, 6, 'Saturday', 'April', 1),
('2023-04-09', 9, 4, 2, 2023, 7, 'Sunday', 'April', 1),
('2023-04-10', 10, 4, 2, 2023, 1, 'Monday', 'April', 0),
('2023-04-11', 11, 4, 2, 2023, 2, 'Tuesday', 'April', 0),
('2023-04-12', 12, 4, 2, 2023, 3, 'Wednesday', 'April', 0),
('2023-04-13', 13, 4, 2, 2023, 4, 'Thursday', 'April', 0),
('2023-04-14', 14, 4, 2, 2023, 5, 'Friday', 'April', 0),
('2023-04-15', 15, 4, 2, 2023, 6, 'Saturday', 'April', 1),
('2023-04-16', 16, 4, 2, 2023, 7, 'Sunday', 'April', 1),
('2023-04-17', 17, 4, 2, 2023, 1, 'Monday', 'April', 0),
('2023-04-18', 18, 4, 2, 2023, 2, 'Tuesday', 'April', 0),
('2023-04-19', 19, 4, 2, 2023, 3, 'Wednesday', 'April', 0),
('2023-04-20', 20, 4, 2, 2023, 4, 'Thursday', 'April', 0),
('2023-04-21', 21, 4, 2, 2023, 5, 'Friday', 'April', 0),
('2023-04-22', 22, 4, 2, 2023, 6, 'Saturday', 'April', 1),
('2023-04-23', 23, 4, 2, 2023, 7, 'Sunday', 'April', 1),
('2023-04-24', 24, 4, 2, 2023, 1, 'Monday', 'April', 0),
('2023-04-25', 25, 4, 2, 2023, 2, 'Tuesday', 'April', 0),
('2023-04-26', 26, 4, 2, 2023, 3, 'Wednesday', 'April', 0),
('2023-04-27', 27, 4, 2, 2023, 4, 'Thursday', 'April', 0),
('2023-04-28', 28, 4, 2, 2023, 5, 'Friday', 'April', 0),
('2023-04-29', 29, 4, 2, 2023, 6, 'Saturday', 'April', 1),
('2023-04-30', 30, 4, 2, 2023, 7, 'Sunday', 'April', 1),
('2023-05-01', 1, 5, 2, 2023, 1, 'Monday', 'May', 0),
('2023-05-02', 2, 5, 2, 2023, 2, 'Tuesday', 'May', 0),
('2023-05-03', 3, 5, 2, 2023, 3, 'Wednesday', 'May', 0),
('2023-05-04', 4, 5, 2, 2023, 4, 'Thursday', 'May', 0),
('2023-05-05', 5, 5, 2, 2023, 5, 'Friday', 'May', 0),
('2023-05-06', 6, 5, 2, 2023, 6, 'Saturday', 'May', 1),
('2023-05-07', 7, 5, 2, 2023, 7, 'Sunday', 'May', 1),
('2023-05-08', 8, 5, 2, 2023, 1, 'Monday', 'May', 0),
('2023-05-09', 9, 5, 2, 2023, 2, 'Tuesday', 'May', 0),
('2023-05-10', 10, 5, 2, 2023, 3, 'Wednesday', 'May', 0),
('2023-05-11', 11, 5, 2, 2023, 4, 'Thursday', 'May', 0),
('2023-05-12', 12, 5, 2, 2023, 5, 'Friday', 'May', 0),
('2023-05-13', 13, 5, 2, 2023, 6, 'Saturday', 'May', 1),
('2023-05-14', 14, 5, 2, 2023, 7, 'Sunday', 'May', 1),
('2023-05-15', 15, 5, 2, 2023, 1, 'Monday', 'May', 0),
('2023-05-16', 16, 5, 2, 2023, 2, 'Tuesday', 'May', 0),
('2023-05-17', 17, 5, 2, 2023, 3, 'Wednesday', 'May', 0),
('2023-05-18', 18, 5, 2, 2023, 4, 'Thursday', 'May', 0),
('2023-05-19', 19, 5, 2, 2023, 5, 'Friday', 'May', 0),
('2023-05-20', 20, 5, 2, 2023, 6, 'Saturday', 'May', 1),
('2023-05-21', 21, 5, 2, 2023, 7, 'Sunday', 'May', 1),
('2023-05-22', 22, 5, 2, 2023, 1, 'Monday', 'May', 0),
('2023-05-23', 23, 5, 2, 2023, 2, 'Tuesday', 'May', 0),
('2023-05-24', 24, 5, 2, 2023, 3, 'Wednesday', 'May', 0),
('2023-05-25', 25, 5, 2, 2023, 4, 'Thursday', 'May', 0),
('2023-05-26', 26, 5, 2, 2023, 5, 'Friday', 'May', 0),
('2023-05-27', 27, 5, 2, 2023, 6, 'Saturday', 'May', 1),
('2023-05-28', 28, 5, 2, 2023, 7, 'Sunday', 'May', 1),
('2023-05-29', 29, 5, 2, 2023, 1, 'Monday', 'May', 0),
('2023-05-30', 30, 5, 2, 2023, 2, 'Tuesday', 'May', 0),
('2023-05-31', 31, 5, 2, 2023, 3, 'Wednesday', 'May', 0),
('2023-06-01', 1, 6, 2, 2023, 4, 'Thursday', 'June', 0),
('2023-06-02', 2, 6, 2, 2023, 5, 'Friday', 'June', 0),
('2023-06-03', 3, 6, 2, 2023, 6, 'Saturday', 'June', 1),
('2023-06-04', 4, 6, 2, 2023, 7, 'Sunday', 'June', 1),
('2023-06-05', 5, 6, 2, 2023, 1, 'Monday', 'June', 0),
('2023-06-06', 6, 6, 2, 2023, 2, 'Tuesday', 'June', 0),
('2023-06-07', 7, 6, 2, 2023, 3, 'Wednesday', 'June', 0),
('2023-06-08', 8, 6, 2, 2023, 4, 'Thursday', 'June', 0),
('2023-06-09', 9, 6, 2, 2023, 5, 'Friday', 'June', 0),
('2023-06-10', 10, 6, 2, 2023, 6, 'Saturday', 'June', 1),
('2023-06-11', 11, 6, 2, 2023, 7, 'Sunday', 'June', 1),
('2023-06-12', 12, 6, 2, 2023, 1, 'Monday', 'June', 0),
('2023-06-13', 13, 6, 2, 2023, 2, 'Tuesday', 'June', 0),
('2023-06-14', 14, 6, 2, 2023, 3, 'Wednesday', 'June', 0),
('2023-06-15', 15, 6, 2, 2023, 4, 'Thursday', 'June', 0),
('2023-06-16', 16, 6, 2, 2023, 5, 'Friday', 'June', 0),
('2023-06-17', 17, 6, 2, 2023, 6, 'Saturday', 'June', 1),
('2023-06-18', 18, 6, 2, 2023, 7, 'Sunday', 'June', 1),
('2023-06-19', 19, 6, 2, 2023, 1, 'Monday', 'June', 0),
('2023-06-20', 20, 6, 2, 2023, 2, 'Tuesday', 'June', 0),
('2023-06-21', 21, 6, 2, 2023, 3, 'Wednesday', 'June', 0),
('2023-06-22', 22, 6, 2, 2023, 4, 'Thursday', 'June', 0),
('2023-06-23', 23, 6, 2, 2023, 5, 'Friday', 'June', 0),
('2023-06-24', 24, 6, 2, 2023, 6, 'Saturday', 'June', 1),
('2023-06-25', 25, 6, 2, 2023, 7, 'Sunday', 'June', 1),
('2023-06-26', 26, 6, 2, 2023, 1, 'Monday', 'June', 0),
('2023-06-27', 27, 6, 2, 2023, 2, 'Tuesday', 'June', 0),
('2023-06-28', 28, 6, 2, 2023, 3, 'Wednesday', 'June', 0),
('2023-06-29', 29, 6, 2, 2023, 4, 'Thursday', 'June', 0),
('2023-06-30', 30, 6, 2, 2023, 5, 'Friday', 'June', 0),
('2023-07-01', 1, 7, 3, 2023, 6, 'Saturday', 'July', 1),
('2023-07-02', 2, 7, 3, 2023, 7, 'Sunday', 'July', 1),
('2023-07-03', 3, 7, 3, 2023, 1, 'Monday', 'July', 0),
('2023-07-04', 4, 7, 3, 2023, 2, 'Tuesday', 'July', 0),
('2023-07-05', 5, 7, 3, 2023, 3, 'Wednesday', 'July', 0),
('2023-07-06', 6, 7, 3, 2023, 4, 'Thursday', 'July', 0),
('2023-07-07', 7, 7, 3, 2023, 5, 'Friday', 'July', 0),
('2023-07-08', 8, 7, 3, 2023, 6, 'Saturday', 'July', 1),
('2023-07-09', 9, 7, 3, 2023, 7, 'Sunday', 'July', 1),
('2023-07-10', 10, 7, 3, 2023, 1, 'Monday', 'July', 0),
('2023-07-11', 11, 7, 3, 2023, 2, 'Tuesday', 'July', 0),
('2023-07-12', 12, 7, 3, 2023, 3, 'Wednesday', 'July', 0),
('2023-07-13', 13, 7, 3, 2023, 4, 'Thursday', 'July', 0),
('2023-07-14', 14, 7, 3, 2023, 5, 'Friday', 'July', 0),
('2023-07-15', 15, 7, 3, 2023, 6, 'Saturday', 'July', 1),
('2023-07-16', 16, 7, 3, 2023, 7, 'Sunday', 'July', 1),
('2023-07-17', 17, 7, 3, 2023, 1, 'Monday', 'July', 0),
('2023-07-18', 18, 7, 3, 2023, 2, 'Tuesday', 'July', 0),
('2023-07-19', 19, 7, 3, 2023, 3, 'Wednesday', 'July', 0),
('2023-07-20', 20, 7, 3, 2023, 4, 'Thursday', 'July', 0),
('2023-07-21', 21, 7, 3, 2023, 5, 'Friday', 'July', 0),
('2023-07-22', 22, 7, 3, 2023, 6, 'Saturday', 'July', 1),
('2023-07-23', 23, 7, 3, 2023, 7, 'Sunday', 'July', 1),
('2023-07-24', 24, 7, 3, 2023, 1, 'Monday', 'July', 0),
('2023-07-25', 25, 7, 3, 2023, 2, 'Tuesday', 'July', 0),
('2023-07-26', 26, 7, 3, 2023, 3, 'Wednesday', 'July', 0),
('2023-07-27', 27, 7, 3, 2023, 4, 'Thursday', 'July', 0),
('2023-07-28', 28, 7, 3, 2023, 5, 'Friday', 'July', 0),
('2023-07-29', 29, 7, 3, 2023, 6, 'Saturday', 'July', 1),
('2023-07-30', 30, 7, 3, 2023, 7, 'Sunday', 'July', 1),
('2023-07-31', 31, 7, 3, 2023, 1, 'Monday', 'July', 0),
('2023-08-01', 1, 8, 3, 2023, 2, 'Tuesday', 'August', 0),
('2023-08-02', 2, 8, 3, 2023, 3, 'Wednesday', 'August', 0),
('2023-08-03', 3, 8, 3, 2023, 4, 'Thursday', 'August', 0),
('2023-08-04', 4, 8, 3, 2023, 5, 'Friday', 'August', 0),
('2023-08-05', 5, 8, 3, 2023, 6, 'Saturday', 'August', 1),
('2023-08-06', 6, 8, 3, 2023, 7, 'Sunday', 'August', 1),
('2023-08-07', 7, 8, 3, 2023, 1, 'Monday', 'August', 0),
('2023-08-08', 8, 8, 3, 2023, 2, 'Tuesday', 'August', 0),
('2023-08-09', 9, 8, 3, 2023, 3, 'Wednesday', 'August', 0),
('2023-08-10', 10, 8, 3, 2023, 4, 'Thursday', 'August', 0),
('2023-08-11', 11, 8, 3, 2023, 5, 'Friday', 'August', 0),
('2023-08-12', 12, 8, 3, 2023, 6, 'Saturday', 'August', 1),
('2023-08-13', 13, 8, 3, 2023, 7, 'Sunday', 'August', 1),
('2023-08-14', 14, 8, 3, 2023, 1, 'Monday', 'August', 0),
('2023-08-15', 15, 8, 3, 2023, 2, 'Tuesday', 'August', 0),
('2023-08-16', 16, 8, 3, 2023, 3, 'Wednesday', 'August', 0),
('2023-08-17', 17, 8, 3, 2023, 4, 'Thursday', 'August', 0),
('2023-08-18', 18, 8, 3, 2023, 5, 'Friday', 'August', 0),
('2023-08-19', 19, 8, 3, 2023, 6, 'Saturday', 'August', 1),
('2023-08-20', 20, 8, 3, 2023, 7, 'Sunday', 'August', 1),
('2023-08-21', 21, 8, 3, 2023, 1, 'Monday', 'August', 0),
('2023-08-22', 22, 8, 3, 2023, 2, 'Tuesday', 'August', 0),
('2023-08-23', 23, 8, 3, 2023, 3, 'Wednesday', 'August', 0),
('2023-08-24', 24, 8, 3, 2023, 4, 'Thursday', 'August', 0),
('2023-08-25', 25, 8, 3, 2023, 5, 'Friday', 'August', 0),
('2023-08-26', 26, 8, 3, 2023, 6, 'Saturday', 'August', 1),
('2023-08-27', 27, 8, 3, 2023, 7, 'Sunday', 'August', 1),
('2023-08-28', 28, 8, 3, 2023, 1, 'Monday', 'August', 0),
('2023-08-29', 29, 8, 3, 2023, 2, 'Tuesday', 'August', 0),
('2023-08-30', 30, 8, 3, 2023, 3, 'Wednesday', 'August', 0),
('2023-08-31', 31, 8, 3, 2023, 4, 'Thursday', 'August', 0),
('2023-09-01', 1, 9, 3, 2023, 5, 'Friday', 'September', 0),
('2023-09-02', 2, 9, 3, 2023, 6, 'Saturday', 'September', 1),
('2023-09-03', 3, 9, 3, 2023, 7, 'Sunday', 'September', 1),
('2023-09-04', 4, 9, 3, 2023, 1, 'Monday', 'September', 0),
('2023-09-05', 5, 9, 3, 2023, 2, 'Tuesday', 'September', 0),
('2023-09-06', 6, 9, 3, 2023, 3, 'Wednesday', 'September', 0),
('2023-09-07', 7, 9, 3, 2023, 4, 'Thursday', 'September', 0),
('2023-09-08', 8, 9, 3, 2023, 5, 'Friday', 'September', 0),
('2023-09-09', 9, 9, 3, 2023, 6, 'Saturday', 'September', 1),
('2023-09-10', 10, 9, 3, 2023, 7, 'Sunday', 'September', 1),
('2023-09-11', 11, 9, 3, 2023, 1, 'Monday', 'September', 0),
('2023-09-12', 12, 9, 3, 2023, 2, 'Tuesday', 'September', 0),
('2023-09-13', 13, 9, 3, 2023, 3, 'Wednesday', 'September', 0),
('2023-09-14', 14, 9, 3, 2023, 4, 'Thursday', 'September', 0),
('2023-09-15', 15, 9, 3, 2023, 5, 'Friday', 'September', 0),
('2023-09-16', 16, 9, 3, 2023, 6, 'Saturday', 'September', 1),
('2023-09-17', 17, 9, 3, 2023, 7, 'Sunday', 'September', 1),
('2023-09-18', 18, 9, 3, 2023, 1, 'Monday', 'September', 0),
('2023-09-19', 19, 9, 3, 2023, 2, 'Tuesday', 'September', 0),
('2023-09-20', 20, 9, 3, 2023, 3, 'Wednesday', 'September', 0),
('2023-09-21', 21, 9, 3, 2023, 4, 'Thursday', 'September', 0),
('2023-09-22', 22, 9, 3, 2023, 5, 'Friday', 'September', 0),
('2023-09-23', 23, 9, 3, 2023, 6, 'Saturday', 'September', 1),
('2023-09-24', 24, 9, 3, 2023, 7, 'Sunday', 'September', 1),
('2023-09-25', 25, 9, 3, 2023, 1, 'Monday', 'September', 0),
('2023-09-26', 26, 9, 3, 2023, 2, 'Tuesday', 'September', 0),
('2023-09-27', 27, 9, 3, 2023, 3, 'Wednesday', 'September', 0),
('2023-09-28', 28, 9, 3, 2023, 4, 'Thursday', 'September', 0),
('2023-09-29', 29, 9, 3, 2023, 5, 'Friday', 'September', 0),
('2023-09-30', 30, 9, 3, 2023, 6, 'Saturday', 'September', 1),
('2023-10-01', 1, 10, 4, 2023, 7, 'Sunday', 'October', 1),
('2023-10-02', 2, 10, 4, 2023, 1, 'Monday', 'October', 0),
('2023-10-03', 3, 10, 4, 2023, 2, 'Tuesday', 'October', 0),
('2023-10-04', 4, 10, 4, 2023, 3, 'Wednesday', 'October', 0),
('2023-10-05', 5, 10, 4, 2023, 4, 'Thursday', 'October', 0),
('2023-10-06', 6, 10, 4, 2023, 5, 'Friday', 'October', 0),
('2023-10-07', 7, 10, 4, 2023, 6, 'Saturday', 'October', 1),
('2023-10-08', 8, 10, 4, 2023, 7, 'Sunday', 'October', 1),
('2023-10-09', 9, 10, 4, 2023, 1, 'Monday', 'October', 0),
('2023-10-10', 10, 10, 4, 2023, 2, 'Tuesday', 'October', 0),
('2023-10-11', 11, 10, 4, 2023, 3, 'Wednesday', 'October', 0),
('2023-10-12', 12, 10, 4, 2023, 4, 'Thursday', 'October', 0),
('2023-10-13', 13, 10, 4, 2023, 5, 'Friday', 'October', 0),
('2023-10-14', 14, 10, 4, 2023, 6, 'Saturday', 'October', 1),
('2023-10-15', 15, 10, 4, 2023, 7, 'Sunday', 'October', 1),
('2023-10-16', 16, 10, 4, 2023, 1, 'Monday', 'October', 0),
('2023-10-17', 17, 10, 4, 2023, 2, 'Tuesday', 'October', 0),
('2023-10-18', 18, 10, 4, 2023, 3, 'Wednesday', 'October', 0),
('2023-10-19', 19, 10, 4, 2023, 4, 'Thursday', 'October', 0),
('2023-10-20', 20, 10, 4, 2023, 5, 'Friday', 'October', 0),
('2023-10-21', 21, 10, 4, 2023, 6, 'Saturday', 'October', 1),
('2023-10-22', 22, 10, 4, 2023, 7, 'Sunday', 'October', 1),
('2023-10-23', 23, 10, 4, 2023, 1, 'Monday', 'October', 0),
('2023-10-24', 24, 10, 4, 2023, 2, 'Tuesday', 'October', 0),
('2023-10-25', 25, 10, 4, 2023, 3, 'Wednesday', 'October', 0),
('2023-10-26', 26, 10, 4, 2023, 4, 'Thursday', 'October', 0),
('2023-10-27', 27, 10, 4, 2023, 5, 'Friday', 'October', 0),
('2023-10-28', 28, 10, 4, 2023, 6, 'Saturday', 'October', 1),
('2023-10-29', 29, 10, 4, 2023, 7, 'Sunday', 'October', 1),
('2023-10-30', 30, 10, 4, 2023, 1, 'Monday', 'October', 0),
('2023-10-31', 31, 10, 4, 2023, 2, 'Tuesday', 'October', 0),
('2023-11-01', 1, 11, 4, 2023, 3, 'Wednesday', 'November', 0),
('2023-11-02', 2, 11, 4, 2023, 4, 'Thursday', 'November', 0),
('2023-11-03', 3, 11, 4, 2023, 5, 'Friday', 'November', 0),
('2023-11-04', 4, 11, 4, 2023, 6, 'Saturday', 'November', 1),
('2023-11-05', 5, 11, 4, 2023, 7, 'Sunday', 'November', 1),
('2023-11-06', 6, 11, 4, 2023, 1, 'Monday', 'November', 0),
('2023-11-07', 7, 11, 4, 2023, 2, 'Tuesday', 'November', 0),
('2023-11-08', 8, 11, 4, 2023, 3, 'Wednesday', 'November', 0),
('2023-11-09', 9, 11, 4, 2023, 4, 'Thursday', 'November', 0),
('2023-11-10', 10, 11, 4, 2023, 5, 'Friday', 'November', 0),
('2023-11-11', 11, 11, 4, 2023, 6, 'Saturday', 'November', 1),
('2023-11-12', 12, 11, 4, 2023, 7, 'Sunday', 'November', 1),
('2023-11-13', 13, 11, 4, 2023, 1, 'Monday', 'November', 0),
('2023-11-14', 14, 11, 4, 2023, 2, 'Tuesday', 'November', 0),
('2023-11-15', 15, 11, 4, 2023, 3, 'Wednesday', 'November', 0),
('2023-11-16', 16, 11, 4, 2023, 4, 'Thursday', 'November', 0),
('2023-11-17', 17, 11, 4, 2023, 5, 'Friday', 'November', 0),
('2023-11-18', 18, 11, 4, 2023, 6, 'Saturday', 'November', 1),
('2023-11-19', 19, 11, 4, 2023, 7, 'Sunday', 'November', 1),
('2023-11-20', 20, 11, 4, 2023, 1, 'Monday', 'November', 0),
('2023-11-21', 21, 11, 4, 2023, 2, 'Tuesday', 'November', 0),
('2023-11-22', 22, 11, 4, 2023, 3, 'Wednesday', 'November', 0),
('2023-11-23', 23, 11, 4, 2023, 4, 'Thursday', 'November', 0),
('2023-11-24', 24, 11, 4, 2023, 5, 'Friday', 'November', 0),
('2023-11-25', 25, 11, 4, 2023, 6, 'Saturday', 'November', 1),
('2023-11-26', 26, 11, 4, 2023, 7, 'Sunday', 'November', 1),
('2023-11-27', 27, 11, 4, 2023, 1, 'Monday', 'November', 0),
('2023-11-28', 28, 11, 4, 2023, 2, 'Tuesday', 'November', 0),
('2023-11-29', 29, 11, 4, 2023, 3, 'Wednesday', 'November', 0),
('2023-11-30', 30, 11, 4, 2023, 4, 'Thursday', 'November', 0),
('2023-12-01', 1, 12, 4, 2023, 5, 'Friday', 'December', 0),
('2023-12-02', 2, 12, 4, 2023, 6, 'Saturday', 'December', 1),
('2023-12-03', 3, 12, 4, 2023, 7, 'Sunday', 'December', 1),
('2023-12-04', 4, 12, 4, 2023, 1, 'Monday', 'December', 0),
('2023-12-05', 5, 12, 4, 2023, 2, 'Tuesday', 'December', 0),
('2023-12-06', 6, 12, 4, 2023, 3, 'Wednesday', 'December', 0),
('2023-12-07', 7, 12, 4, 2023, 4, 'Thursday', 'December', 0),
('2023-12-08', 8, 12, 4, 2023, 5, 'Friday', 'December', 0),
('2023-12-09', 9, 12, 4, 2023, 6, 'Saturday', 'December', 1),
('2023-12-10', 10, 12, 4, 2023, 7, 'Sunday', 'December', 1),
('2023-12-11', 11, 12, 4, 2023, 1, 'Monday', 'December', 0),
('2023-12-12', 12, 12, 4, 2023, 2, 'Tuesday', 'December', 0),
('2023-12-13', 13, 12, 4, 2023, 3, 'Wednesday', 'December', 0),
('2023-12-14', 14, 12, 4, 2023, 4, 'Thursday', 'December', 0),
('2023-12-15', 15, 12, 4, 2023, 5, 'Friday', 'December', 0),
('2023-12-16', 16, 12, 4, 2023, 6, 'Saturday', 'December', 1),
('2023-12-17', 17, 12, 4, 2023, 7, 'Sunday', 'December', 1),
('2023-12-18', 18, 12, 4, 2023, 1, 'Monday', 'December', 0),
('2023-12-19', 19, 12, 4, 2023, 2, 'Tuesday', 'December', 0),
('2023-12-20', 20, 12, 4, 2023, 3, 'Wednesday', 'December', 0),
('2023-12-21', 21, 12, 4, 2023, 4, 'Thursday', 'December', 0),
('2023-12-22', 22, 12, 4, 2023, 5, 'Friday', 'December', 0),
('2023-12-23', 23, 12, 4, 2023, 6, 'Saturday', 'December', 1),
('2023-12-24', 24, 12, 4, 2023, 7, 'Sunday', 'December', 1),
('2023-12-25', 25, 12, 4, 2023, 1, 'Monday', 'December', 0),
('2023-12-26', 26, 12, 4, 2023, 2, 'Tuesday', 'December', 0),
('2023-12-27', 27, 12, 4, 2023, 3, 'Wednesday', 'December', 0),
('2023-12-28', 28, 12, 4, 2023, 4, 'Thursday', 'December', 0),
('2023-12-29', 29, 12, 4, 2023, 5, 'Friday', 'December', 0),
('2023-12-30', 30, 12, 4, 2023, 6, 'Saturday', 'December', 1),
('2023-12-31', 31, 12, 4, 2023, 7, 'Sunday', 'December', 1);

-- --------------------------------------------------------

--
-- Table structure for table `dim_department`
--

CREATE TABLE `dim_department` (
  `department_id` varchar(25) NOT NULL,
  `department_name` varchar(100) DEFAULT NULL,
  `manager` varchar(100) DEFAULT NULL
) ENGINE=InnoDB DEFAULT CHARSET=utf8mb4 COLLATE=utf8mb4_general_ci;

--
-- Dumping data for table `dim_department`
--

INSERT INTO `dim_department` (`department_id`, `department_name`, `manager`) VALUES
('DEPT001', 'Production', 'Ms. April Yoder'),
('DEPT002', 'Logistics', 'Stephanie Herman'),
('DEPT003', 'Quality Control', 'Sara Farmer'),
('DEPT004', 'Maintenance', 'Sandra Pena'),
('DEPT005', 'Purchasing', 'John Soto'),
('DEPT006', 'Warehouse', 'Kirk Jones');

-- --------------------------------------------------------

--
-- Table structure for table `dim_material`
--

CREATE TABLE `dim_material` (
  `material_id` varchar(25) NOT NULL,
  `material_name` varchar(100) DEFAULT NULL,
  `category` varchar(50) DEFAULT NULL,
  `unit` varchar(20) DEFAULT NULL,
  `current_quantity` decimal(10,2) DEFAULT NULL,
  `min_quantity` decimal(10,2) DEFAULT NULL,
  `max_quantity` decimal(10,2) DEFAULT NULL
) ENGINE=InnoDB DEFAULT CHARSET=utf8mb4 COLLATE=utf8mb4_general_ci;

--
-- Dumping data for table `dim_material`
--

INSERT INTO `dim_material` (`material_id`, `material_name`, `category`, `unit`, `current_quantity`, `min_quantity`, `max_quantity`) VALUES
('WZ20230001', 'Staff Material', 'Construction', 'pieces', 943.58, 97.17, 1056.15),
('WZ20230002', 'East Part', 'Electronics', 'liters', 480.45, 80.67, 1180.32),
('WZ20230003', 'Kitchen Part', 'Raw Materials', 'liters', 294.63, 13.87, 1488.57),
('WZ20230004', 'Care Part', 'Construction', 'boxes', 928.62, 35.98, 668.01),
('WZ20230005', 'Better Component', 'Electronics', 'liters', 899.46, 74.35, 1211.53),
('WZ20230006', 'Summer Component', 'Construction', 'pieces', 617.38, 84.06, 1402.10),
('WZ20230007', 'First Part', 'Packaging', 'liters', 207.04, 72.93, 311.65),
('WZ20230008', 'Degree Material', 'Electronics', 'units', 370.01, 64.21, 1684.95),
('WZ20230009', 'Never Part', 'Construction', 'kg', 609.07, 40.48, 1174.57),
('WZ20230010', 'Well Material', 'Raw Materials', 'boxes', 117.96, 56.62, 795.17),
('WZ20230011', 'Common Component', 'Electronics', 'boxes', 966.12, 21.12, 755.99),
('WZ20230012', 'Pressure Component', 'Packaging', 'kg', 56.60, 69.59, 1454.40),
('WZ20230013', 'Impact Material', 'Packaging', 'kg', 437.28, 9.89, 1042.72),
('WZ20230014', 'Record Part', 'Construction', 'boxes', 302.19, 18.25, 816.97),
('WZ20230015', 'Laugh Component', 'Electronics', 'kg', 997.13, 32.01, 856.93),
('WZ20230016', 'Alone Component', 'Construction', 'units', 160.58, 87.42, 449.01),
('WZ20230017', 'System Component', 'Electronics', 'units', 331.45, 7.16, 646.34),
('WZ20230018', 'Maintain Part', 'Packaging', 'units', 379.33, 23.61, 1172.50),
('WZ20230019', 'People Component', 'Mechanical', 'units', 861.68, 63.47, 1431.04),
('WZ20230020', 'Individual Component', 'Raw Materials', 'units', 995.22, 73.12, 1818.43),
('WZ20230021', 'Voice Component', 'Construction', 'kg', 728.96, 79.39, 1381.93),
('WZ20230022', 'Hospital Component', 'Packaging', 'liters', 314.68, 53.13, 859.56),
('WZ20230023', 'Security Part', 'Construction', 'boxes', 145.77, 71.04, 489.95),
('WZ20230024', 'Hold Material', 'Construction', 'pieces', 163.16, 73.14, 563.51),
('WZ20230025', 'Set Material', 'Electronics', 'liters', 590.20, 34.40, 1897.21),
('WZ20230026', 'Ground Material', 'Packaging', 'liters', 449.34, 82.97, 1409.49),
('WZ20230027', 'Resource Part', 'Packaging', 'liters', 742.93, 50.00, 255.03),
('WZ20230028', 'Edge Part', 'Construction', 'boxes', 665.16, 82.76, 1490.13),
('WZ20230029', 'And Component', 'Construction', 'units', 69.29, 12.83, 275.15),
('WZ20230030', 'There Material', 'Mechanical', 'kg', 804.22, 80.31, 1012.13),
('WZ20230031', 'Smile Material', 'Electronics', 'kg', 260.58, 73.85, 966.82),
('WZ20230032', 'Land Part', 'Electronics', 'kg', 60.77, 96.41, 1837.28),
('WZ20230033', 'Report Part', 'Packaging', 'kg', 237.52, 58.88, 1729.12),
('WZ20230034', 'Five Part', 'Mechanical', 'boxes', 279.29, 51.12, 1237.90),
('WZ20230035', 'Learn Part', 'Packaging', 'boxes', 212.67, 56.60, 1238.18),
('WZ20230036', 'Once Part', 'Electronics', 'kg', 382.10, 10.95, 406.06),
('WZ20230037', 'Crime Part', 'Raw Materials', 'kg', 439.75, 48.76, 568.40),
('WZ20230038', 'Political Part', 'Construction', 'units', 725.26, 36.87, 493.86),
('WZ20230039', 'Not Component', 'Packaging', 'boxes', 820.28, 96.88, 460.36),
('WZ20230040', 'Instead Component', 'Mechanical', 'kg', 715.33, 6.95, 221.76),
('WZ20230041', 'Campaign Part', 'Mechanical', 'units', 800.24, 98.02, 537.84),
('WZ20230042', 'If Component', 'Electronics', 'kg', 641.25, 69.39, 1086.37),
('WZ20230043', 'Represent Material', 'Construction', 'units', 122.76, 14.40, 226.06),
('WZ20230044', 'Difficult Component', 'Mechanical', 'kg', 19.87, 24.27, 1385.43),
('WZ20230045', 'Nice Part', 'Construction', 'boxes', 482.85, 52.97, 1715.72),
('WZ20230046', 'Foot Part', 'Packaging', 'kg', 30.06, 24.44, 1119.48),
('WZ20230047', 'Trade Component', 'Electronics', 'liters', 865.10, 48.46, 619.71),
('WZ20230048', 'Film Material', 'Construction', 'liters', 348.38, 68.70, 588.20),
('WZ20230049', 'Magazine Part', 'Construction', 'kg', 704.07, 60.63, 1275.73),
('WZ20230050', 'Generation Component', 'Raw Materials', 'liters', 896.29, 77.58, 865.16);

-- --------------------------------------------------------

--
-- Table structure for table `dim_transaction_type`
--

CREATE TABLE `dim_transaction_type` (
  `transaction_type_id` int(11) NOT NULL,
  `transaction_type` varchar(20) DEFAULT NULL,
  `transaction_category` varchar(20) DEFAULT NULL
) ENGINE=InnoDB DEFAULT CHARSET=utf8mb4 COLLATE=utf8mb4_general_ci;

--
-- Dumping data for table `dim_transaction_type`
--

INSERT INTO `dim_transaction_type` (`transaction_type_id`, `transaction_type`, `transaction_category`) VALUES
(1, 'IN', 'Inbound'),
(2, 'OUT', 'Outbound'),
(3, 'TRANSFER', 'Internal'),
(4, 'SCRAP', 'Outbound');

-- --------------------------------------------------------

--
-- Table structure for table `fact_inventory`
--

CREATE TABLE `fact_inventory` (
  `transaction_id` varchar(25) NOT NULL,
  `date_id` date DEFAULT NULL,
  `material_id` varchar(25) DEFAULT NULL,
  `department_id` varchar(25) DEFAULT NULL,
  `transaction_type_id` int(11) DEFAULT NULL,
  `quantity` decimal(10,2) DEFAULT NULL,
  `remaining_quantity` decimal(10,2) DEFAULT NULL
) ENGINE=InnoDB DEFAULT CHARSET=utf8mb4 COLLATE=utf8mb4_general_ci;

--
-- Dumping data for table `fact_inventory`
--

INSERT INTO `fact_inventory` (`transaction_id`, `date_id`, `material_id`, `department_id`, `transaction_type_id`, `quantity`, `remaining_quantity`) VALUES
('TR2023010100052', '2023-01-01', 'WZ20230045', NULL, 4, -38.60, 482.85),
('TR2023010100089', '2023-01-01', 'WZ20230019', NULL, 3, 49.37, 861.68),
('TR2023010100329', '2023-01-01', 'WZ20230027', NULL, 3, 41.00, 742.93),
('TR2023010300499', '2023-01-03', 'WZ20230030', 'DEPT002', 1, 28.19, 804.22),
('TR2023010400108', '2023-01-04', 'WZ20230015', NULL, 3, 45.35, 997.13),
('TR2023010500048', '2023-01-05', 'WZ20230024', NULL, 2, -21.64, 163.16),
('TR2023010600346', '2023-01-06', 'WZ20230020', NULL, 3, 15.06, 995.22),
('TR2023010600420', '2023-01-06', 'WZ20230004', 'DEPT005', 1, 15.01, 928.62),
('TR2023010700276', '2023-01-07', 'WZ20230030', NULL, 2, -11.34, 804.22),
('TR2023010800020', '2023-01-08', 'WZ20230004', NULL, 3, 11.21, 928.62),
('TR2023010800222', '2023-01-08', 'WZ20230010', 'DEPT004', 1, 35.17, 117.96),
('TR2023010900283', '2023-01-09', 'WZ20230045', NULL, 2, -49.56, 482.85),
('TR2023010900344', '2023-01-09', 'WZ20230048', 'DEPT006', 1, 36.38, 348.38),
('TR2023011000164', '2023-01-10', 'WZ20230018', 'DEPT002', 1, 10.65, 379.33),
('TR2023011000290', '2023-01-10', 'WZ20230039', NULL, 4, -48.58, 820.28),
('TR2023011100384', '2023-01-11', 'WZ20230026', NULL, 3, 40.79, 449.34),
('TR2023011300112', '2023-01-13', 'WZ20230003', NULL, 3, 14.83, 294.63),
('TR2023011400195', '2023-01-14', 'WZ20230005', 'DEPT003', 1, 37.38, 899.46),
('TR2023011400335', '2023-01-14', 'WZ20230023', NULL, 2, -24.32, 145.77),
('TR2023011500375', '2023-01-15', 'WZ20230039', 'DEPT002', 1, 38.12, 820.28),
('TR2023011700270', '2023-01-17', 'WZ20230040', NULL, 2, -43.98, 715.33),
('TR2023011700489', '2023-01-17', 'WZ20230020', NULL, 2, -30.25, 995.22),
('TR2023011900073', '2023-01-19', 'WZ20230016', 'DEPT003', 1, 20.29, 160.58),
('TR2023011900446', '2023-01-19', 'WZ20230044', NULL, 4, -9.19, 19.87),
('TR2023012000161', '2023-01-20', 'WZ20230039', NULL, 2, -7.31, 820.28),
('TR2023012100102', '2023-01-21', 'WZ20230017', NULL, 2, -39.19, 331.45),
('TR2023012100401', '2023-01-21', 'WZ20230025', NULL, 4, -22.48, 590.20),
('TR2023012200160', '2023-01-22', 'WZ20230018', NULL, 4, -15.31, 379.33),
('TR2023012300071', '2023-01-23', 'WZ20230021', NULL, 2, -6.76, 728.96),
('TR2023012400176', '2023-01-24', 'WZ20230020', NULL, 4, -32.22, 995.22),
('TR2023012400326', '2023-01-24', 'WZ20230003', NULL, 2, -32.48, 294.63),
('TR2023012500076', '2023-01-25', 'WZ20230009', NULL, 3, 47.80, 609.07),
('TR2023012600363', '2023-01-26', 'WZ20230026', NULL, 2, -20.16, 449.34),
('TR2023012700296', '2023-01-27', 'WZ20230048', NULL, 4, -34.90, 348.38),
('TR2023012700392', '2023-01-27', 'WZ20230035', NULL, 3, 10.16, 212.67),
('TR2023012800265', '2023-01-28', 'WZ20230027', NULL, 4, -49.93, 742.93),
('TR2023012900026', '2023-01-29', 'WZ20230001', NULL, 4, -5.49, 943.58),
('TR2023013000098', '2023-01-30', 'WZ20230038', 'DEPT006', 1, 45.40, 725.26),
('TR2023013000254', '2023-01-30', 'WZ20230029', NULL, 4, -6.61, 69.29),
('TR2023013000453', '2023-01-30', 'WZ20230008', NULL, 2, -2.51, 370.01),
('TR2023020100210', '2023-02-01', 'WZ20230028', NULL, 3, 41.52, 665.16),
('TR2023020100311', '2023-02-01', 'WZ20230008', NULL, 4, -42.10, 370.01),
('TR2023020100317', '2023-02-01', 'WZ20230005', NULL, 2, -24.58, 899.46),
('TR2023020200302', '2023-02-02', 'WZ20230035', NULL, 3, 5.00, 212.67),
('TR2023020400038', '2023-02-04', 'WZ20230040', 'DEPT003', 1, 11.80, 715.33),
('TR2023020400050', '2023-02-04', 'WZ20230013', NULL, 3, 10.12, 437.28),
('TR2023020400094', '2023-02-04', 'WZ20230050', NULL, 2, -27.80, 896.29),
('TR2023020400156', '2023-02-04', 'WZ20230041', 'DEPT005', 1, 47.57, 800.24),
('TR2023020400263', '2023-02-04', 'WZ20230009', NULL, 2, -17.36, 609.07),
('TR2023020500389', '2023-02-05', 'WZ20230035', NULL, 3, 6.76, 212.67),
('TR2023020500403', '2023-02-05', 'WZ20230023', NULL, 3, 26.43, 145.77),
('TR2023020600319', '2023-02-06', 'WZ20230001', 'DEPT001', 1, 37.60, 943.58),
('TR2023020700442', '2023-02-07', 'WZ20230012', NULL, 4, -37.57, 56.60),
('TR2023020700460', '2023-02-07', 'WZ20230044', NULL, 2, -10.67, 19.87),
('TR2023020800258', '2023-02-08', 'WZ20230016', NULL, 2, -19.22, 160.58),
('TR2023020900106', '2023-02-09', 'WZ20230005', NULL, 3, 27.36, 899.46),
('TR2023020900417', '2023-02-09', 'WZ20230047', NULL, 2, -47.95, 865.10),
('TR2023021100091', '2023-02-11', 'WZ20230036', NULL, 4, -24.96, 382.10),
('TR2023021100154', '2023-02-11', 'WZ20230034', NULL, 2, -37.35, 279.29),
('TR2023021100395', '2023-02-11', 'WZ20230003', NULL, 4, -22.99, 294.63),
('TR2023021300128', '2023-02-13', 'WZ20230047', NULL, 2, -49.79, 865.10),
('TR2023021300174', '2023-02-13', 'WZ20230029', NULL, 4, -4.28, 69.29),
('TR2023021400461', '2023-02-14', 'WZ20230046', NULL, 4, -11.29, 30.06),
('TR2023021500487', '2023-02-15', 'WZ20230002', 'DEPT005', 1, 48.03, 480.45),
('TR2023021600170', '2023-02-16', 'WZ20230044', NULL, 2, -28.13, 19.87),
('TR2023021600293', '2023-02-16', 'WZ20230026', 'DEPT004', 1, 30.90, 449.34),
('TR2023021700238', '2023-02-17', 'WZ20230035', 'DEPT005', 1, 25.16, 212.67),
('TR2023021700434', '2023-02-17', 'WZ20230029', NULL, 4, -5.79, 69.29),
('TR2023021900001', '2023-02-19', 'WZ20230022', NULL, 2, -30.93, 314.68),
('TR2023021900466', '2023-02-19', 'WZ20230050', NULL, 3, 29.17, 896.29),
('TR2023022000057', '2023-02-20', 'WZ20230049', 'DEPT003', 1, 47.58, 704.07),
('TR2023022100316', '2023-02-21', 'WZ20230011', NULL, 4, -5.24, 966.12),
('TR2023022400387', '2023-02-24', 'WZ20230026', NULL, 2, -24.34, 449.34),
('TR2023022500046', '2023-02-25', 'WZ20230042', NULL, 3, 18.37, 641.25),
('TR2023022500235', '2023-02-25', 'WZ20230031', NULL, 4, -31.25, 260.58),
('TR2023022600166', '2023-02-26', 'WZ20230036', NULL, 2, -24.13, 382.10),
('TR2023022600193', '2023-02-26', 'WZ20230047', NULL, 2, -4.78, 865.10),
('TR2023022700136', '2023-02-27', 'WZ20230002', NULL, 3, 28.45, 480.45),
('TR2023022700291', '2023-02-27', 'WZ20230011', NULL, 2, -29.17, 966.12),
('TR2023022800180', '2023-02-28', 'WZ20230028', NULL, 3, 39.84, 665.16),
('TR2023022800357', '2023-02-28', 'WZ20230045', NULL, 2, -29.94, 482.85),
('TR2023030100045', '2023-03-01', 'WZ20230009', NULL, 3, 44.83, 609.07),
('TR2023030100082', '2023-03-01', 'WZ20230026', NULL, 3, 10.93, 449.34),
('TR2023030200394', '2023-03-02', 'WZ20230019', NULL, 2, -20.28, 861.68),
('TR2023030400196', '2023-03-04', 'WZ20230001', 'DEPT002', 1, 21.01, 943.58),
('TR2023030500095', '2023-03-05', 'WZ20230027', NULL, 2, -26.14, 742.93),
('TR2023030500361', '2023-03-05', 'WZ20230015', 'DEPT003', 1, 20.47, 997.13),
('TR2023030600134', '2023-03-06', 'WZ20230045', 'DEPT005', 1, 1.06, 482.85),
('TR2023030600140', '2023-03-06', 'WZ20230013', NULL, 3, 45.75, 437.28),
('TR2023030600221', '2023-03-06', 'WZ20230047', NULL, 2, -36.30, 865.10),
('TR2023030600320', '2023-03-06', 'WZ20230029', NULL, 3, 15.23, 69.29),
('TR2023030800018', '2023-03-08', 'WZ20230009', 'DEPT002', 1, 6.48, 609.07),
('TR2023030800025', '2023-03-08', 'WZ20230027', 'DEPT004', 1, 26.43, 742.93),
('TR2023030800261', '2023-03-08', 'WZ20230035', NULL, 2, -31.74, 212.67),
('TR2023030800268', '2023-03-08', 'WZ20230022', NULL, 3, 23.38, 314.68),
('TR2023030800493', '2023-03-08', 'WZ20230010', NULL, 2, -43.88, 117.96),
('TR2023030900114', '2023-03-09', 'WZ20230041', NULL, 3, 32.24, 800.24),
('TR2023031000167', '2023-03-10', 'WZ20230047', NULL, 2, -40.29, 865.10),
('TR2023031200065', '2023-03-12', 'WZ20230006', NULL, 2, -20.80, 617.38),
('TR2023031200192', '2023-03-12', 'WZ20230034', NULL, 3, 25.03, 279.29),
('TR2023031200224', '2023-03-12', 'WZ20230049', 'DEPT004', 1, 16.44, 704.07),
('TR2023031200331', '2023-03-12', 'WZ20230017', NULL, 3, 5.85, 331.45),
('TR2023031200354', '2023-03-12', 'WZ20230006', 'DEPT002', 1, 11.56, 617.38),
('TR2023031200378', '2023-03-12', 'WZ20230022', NULL, 3, 2.83, 314.68),
('TR2023031300024', '2023-03-13', 'WZ20230027', NULL, 4, -30.16, 742.93),
('TR2023031300242', '2023-03-13', 'WZ20230036', 'DEPT005', 1, 29.61, 382.10),
('TR2023031300488', '2023-03-13', 'WZ20230017', NULL, 2, -28.35, 331.45),
('TR2023031400079', '2023-03-14', 'WZ20230024', NULL, 4, -9.91, 163.16),
('TR2023031500260', '2023-03-15', 'WZ20230027', NULL, 2, -32.77, 742.93),
('TR2023031700029', '2023-03-17', 'WZ20230009', NULL, 3, 34.89, 609.07),
('TR2023031700206', '2023-03-17', 'WZ20230037', NULL, 3, 45.67, 439.75),
('TR2023031700225', '2023-03-17', 'WZ20230035', NULL, 4, -31.70, 212.67),
('TR2023031800074', '2023-03-18', 'WZ20230042', NULL, 2, -13.01, 641.25),
('TR2023031800124', '2023-03-18', 'WZ20230006', 'DEPT001', 1, 17.06, 617.38),
('TR2023031800467', '2023-03-18', 'WZ20230014', 'DEPT001', 1, 47.51, 302.19),
('TR2023031900041', '2023-03-19', 'WZ20230016', NULL, 4, -5.85, 160.58),
('TR2023031900115', '2023-03-19', 'WZ20230041', NULL, 3, 2.19, 800.24),
('TR2023032000173', '2023-03-20', 'WZ20230048', NULL, 3, 11.22, 348.38),
('TR2023032000318', '2023-03-20', 'WZ20230018', NULL, 4, -40.55, 379.33),
('TR2023032200066', '2023-03-22', 'WZ20230014', NULL, 4, -26.57, 302.19),
('TR2023032200104', '2023-03-22', 'WZ20230022', NULL, 3, 38.91, 314.68),
('TR2023032200495', '2023-03-22', 'WZ20230038', NULL, 4, -33.15, 725.26),
('TR2023032600035', '2023-03-26', 'WZ20230015', 'DEPT006', 1, 7.74, 997.13),
('TR2023032600362', '2023-03-26', 'WZ20230013', 'DEPT002', 1, 34.71, 437.28),
('TR2023032800034', '2023-03-28', 'WZ20230044', NULL, 4, -18.80, 19.87),
('TR2023032800123', '2023-03-28', 'WZ20230012', NULL, 4, -10.07, 56.60),
('TR2023032800244', '2023-03-28', 'WZ20230020', NULL, 3, 34.42, 995.22),
('TR2023032800479', '2023-03-28', 'WZ20230020', 'DEPT001', 1, 40.75, 995.22),
('TR2023033000172', '2023-03-30', 'WZ20230050', NULL, 4, -31.31, 896.29),
('TR2023033000433', '2023-03-30', 'WZ20230019', NULL, 2, -3.58, 861.68),
('TR2023040100454', '2023-04-01', 'WZ20230001', 'DEPT001', 1, 48.70, 943.58),
('TR2023040300183', '2023-04-03', 'WZ20230022', NULL, 2, -25.92, 314.68),
('TR2023040300203', '2023-04-03', 'WZ20230002', NULL, 3, 20.16, 480.45),
('TR2023040300205', '2023-04-03', 'WZ20230005', NULL, 2, -37.17, 899.46),
('TR2023040400039', '2023-04-04', 'WZ20230024', NULL, 2, -16.73, 163.16),
('TR2023040600491', '2023-04-06', 'WZ20230045', NULL, 2, -45.98, 482.85),
('TR2023040700033', '2023-04-07', 'WZ20230039', 'DEPT003', 1, 48.04, 820.28),
('TR2023040700226', '2023-04-07', 'WZ20230020', NULL, 3, 46.67, 995.22),
('TR2023040700349', '2023-04-07', 'WZ20230033', NULL, 3, 38.54, 237.52),
('TR2023040700405', '2023-04-07', 'WZ20230045', NULL, 3, 29.46, 482.85),
('TR2023040900455', '2023-04-09', 'WZ20230037', NULL, 4, -9.00, 439.75),
('TR2023040900490', '2023-04-09', 'WZ20230035', NULL, 4, -26.18, 212.67),
('TR2023041000324', '2023-04-10', 'WZ20230040', NULL, 2, -49.88, 715.33),
('TR2023041000432', '2023-04-10', 'WZ20230010', 'DEPT002', 1, 26.35, 117.96),
('TR2023041200303', '2023-04-12', 'WZ20230008', NULL, 3, 40.79, 370.01),
('TR2023041200309', '2023-04-12', 'WZ20230035', 'DEPT001', 1, 46.91, 212.67),
('TR2023041300072', '2023-04-13', 'WZ20230040', NULL, 3, 35.70, 715.33),
('TR2023041300343', '2023-04-13', 'WZ20230008', NULL, 2, -37.04, 370.01),
('TR2023041300463', '2023-04-13', 'WZ20230020', NULL, 3, 9.12, 995.22),
('TR2023041400022', '2023-04-14', 'WZ20230043', NULL, 3, 34.99, 122.76),
('TR2023041400075', '2023-04-14', 'WZ20230030', NULL, 4, -16.14, 804.22),
('TR2023041500132', '2023-04-15', 'WZ20230036', 'DEPT005', 1, 14.86, 382.10),
('TR2023041800223', '2023-04-18', 'WZ20230030', 'DEPT002', 1, 22.17, 804.22),
('TR2023041800381', '2023-04-18', 'WZ20230014', NULL, 4, -2.75, 302.19),
('TR2023041900015', '2023-04-19', 'WZ20230048', 'DEPT002', 1, 36.01, 348.38),
('TR2023041900019', '2023-04-19', 'WZ20230041', 'DEPT002', 1, 10.08, 800.24),
('TR2023041900249', '2023-04-19', 'WZ20230044', NULL, 2, -43.36, 19.87),
('TR2023042000328', '2023-04-20', 'WZ20230043', NULL, 2, -20.58, 122.76),
('TR2023042100201', '2023-04-21', 'WZ20230019', 'DEPT004', 1, 27.43, 861.68),
('TR2023042300119', '2023-04-23', 'WZ20230006', NULL, 3, 41.62, 617.38),
('TR2023042400068', '2023-04-24', 'WZ20230014', NULL, 4, -29.12, 302.19),
('TR2023042400252', '2023-04-24', 'WZ20230027', NULL, 3, 14.76, 742.93),
('TR2023042400353', '2023-04-24', 'WZ20230026', NULL, 3, 44.48, 449.34),
('TR2023042500269', '2023-04-25', 'WZ20230018', 'DEPT005', 1, 20.55, 379.33),
('TR2023042600338', '2023-04-26', 'WZ20230007', NULL, 2, -16.57, 207.04),
('TR2023042700105', '2023-04-27', 'WZ20230024', NULL, 2, -48.87, 163.16),
('TR2023042900278', '2023-04-29', 'WZ20230039', 'DEPT002', 1, 12.19, 820.28),
('TR2023050100248', '2023-05-01', 'WZ20230034', NULL, 2, -17.80, 279.29),
('TR2023050100412', '2023-05-01', 'WZ20230036', NULL, 4, -43.08, 382.10),
('TR2023050100469', '2023-05-01', 'WZ20230034', 'DEPT001', 1, 24.56, 279.29),
('TR2023050100474', '2023-05-01', 'WZ20230010', 'DEPT002', 1, 19.15, 117.96),
('TR2023050300415', '2023-05-03', 'WZ20230029', NULL, 2, -24.37, 69.29),
('TR2023050500216', '2023-05-05', 'WZ20230041', NULL, 2, -17.21, 800.24),
('TR2023050600028', '2023-05-06', 'WZ20230016', 'DEPT003', 1, 19.74, 160.58),
('TR2023050600168', '2023-05-06', 'WZ20230036', NULL, 4, -9.59, 382.10),
('TR2023050600215', '2023-05-06', 'WZ20230037', NULL, 3, 40.90, 439.75),
('TR2023050700077', '2023-05-07', 'WZ20230027', NULL, 2, -29.20, 742.93),
('TR2023051100256', '2023-05-11', 'WZ20230034', NULL, 3, 12.22, 279.29),
('TR2023051200228', '2023-05-12', 'WZ20230009', NULL, 4, -15.96, 609.07),
('TR2023051200413', '2023-05-12', 'WZ20230015', NULL, 2, -40.88, 997.13),
('TR2023051300424', '2023-05-13', 'WZ20230036', NULL, 4, -44.75, 382.10),
('TR2023051300430', '2023-05-13', 'WZ20230034', 'DEPT003', 1, 32.13, 279.29),
('TR2023051400010', '2023-05-14', 'WZ20230030', NULL, 3, 12.30, 804.22),
('TR2023051400236', '2023-05-14', 'WZ20230002', NULL, 2, -40.05, 480.45),
('TR2023051500036', '2023-05-15', 'WZ20230043', NULL, 2, -18.81, 122.76),
('TR2023051500497', '2023-05-15', 'WZ20230007', 'DEPT002', 1, 1.01, 207.04),
('TR2023051600266', '2023-05-16', 'WZ20230040', NULL, 3, 36.28, 715.33),
('TR2023051800232', '2023-05-18', 'WZ20230015', 'DEPT001', 1, 4.63, 997.13),
('TR2023051900315', '2023-05-19', 'WZ20230038', NULL, 2, -18.82, 725.26),
('TR2023051900379', '2023-05-19', 'WZ20230024', NULL, 2, -28.48, 163.16),
('TR2023051900492', '2023-05-19', 'WZ20230045', NULL, 4, -29.92, 482.85),
('TR2023052000012', '2023-05-20', 'WZ20230024', NULL, 2, -48.07, 163.16),
('TR2023052000013', '2023-05-20', 'WZ20230010', NULL, 4, -36.62, 117.96),
('TR2023052000063', '2023-05-20', 'WZ20230037', NULL, 2, -48.46, 439.75),
('TR2023052000097', '2023-05-20', 'WZ20230024', NULL, 3, 18.76, 163.16),
('TR2023052100069', '2023-05-21', 'WZ20230010', NULL, 3, 38.42, 117.96),
('TR2023052100165', '2023-05-21', 'WZ20230020', NULL, 3, 43.09, 995.22),
('TR2023052200211', '2023-05-22', 'WZ20230040', NULL, 2, -22.59, 715.33),
('TR2023052200340', '2023-05-22', 'WZ20230028', NULL, 2, -49.24, 665.16),
('TR2023052200444', '2023-05-22', 'WZ20230021', 'DEPT001', 1, 10.87, 728.96),
('TR2023052300365', '2023-05-23', 'WZ20230037', NULL, 4, -42.64, 439.75),
('TR2023052300440', '2023-05-23', 'WZ20230005', NULL, 4, -2.09, 899.46),
('TR2023052400419', '2023-05-24', 'WZ20230002', 'DEPT005', 1, 20.75, 480.45),
('TR2023052500049', '2023-05-25', 'WZ20230034', 'DEPT001', 1, 45.73, 279.29),
('TR2023052500067', '2023-05-25', 'WZ20230043', NULL, 2, -41.66, 122.76),
('TR2023052600059', '2023-05-26', 'WZ20230041', NULL, 3, 9.73, 800.24),
('TR2023052600110', '2023-05-26', 'WZ20230004', NULL, 2, -36.81, 928.62),
('TR2023052800078', '2023-05-28', 'WZ20230035', NULL, 3, 25.60, 212.67),
('TR2023052800373', '2023-05-28', 'WZ20230008', 'DEPT006', 1, 2.67, 370.01),
('TR2023052800462', '2023-05-28', 'WZ20230034', NULL, 4, -28.12, 279.29),
('TR2023052800478', '2023-05-28', 'WZ20230011', 'DEPT003', 1, 48.10, 966.12),
('TR2023052900148', '2023-05-29', 'WZ20230018', NULL, 2, -20.37, 379.33),
('TR2023052900297', '2023-05-29', 'WZ20230027', NULL, 3, 12.69, 742.93),
('TR2023052900332', '2023-05-29', 'WZ20230028', NULL, 3, 22.12, 665.16),
('TR2023052900483', '2023-05-29', 'WZ20230040', NULL, 4, -9.15, 715.33),
('TR2023053100060', '2023-05-31', 'WZ20230025', NULL, 3, 43.45, 590.20),
('TR2023053100281', '2023-05-31', 'WZ20230026', 'DEPT004', 1, 44.49, 449.34),
('TR2023053100286', '2023-05-31', 'WZ20230037', NULL, 2, -43.51, 439.75),
('TR2023060100186', '2023-06-01', 'WZ20230027', 'DEPT003', 1, 6.59, 742.93),
('TR2023060100200', '2023-06-01', 'WZ20230044', NULL, 3, 29.03, 19.87),
('TR2023060100322', '2023-06-01', 'WZ20230019', 'DEPT001', 1, 41.21, 861.68),
('TR2023060200004', '2023-06-02', 'WZ20230029', NULL, 2, -33.45, 69.29),
('TR2023060200390', '2023-06-02', 'WZ20230032', 'DEPT002', 1, 25.44, 60.77),
('TR2023060200471', '2023-06-02', 'WZ20230031', 'DEPT003', 1, 34.94, 260.58),
('TR2023060400360', '2023-06-04', 'WZ20230010', NULL, 2, -47.71, 117.96),
('TR2023060500259', '2023-06-05', 'WZ20230017', NULL, 4, -11.33, 331.45),
('TR2023060600250', '2023-06-06', 'WZ20230012', NULL, 2, -19.54, 56.60),
('TR2023060600427', '2023-06-06', 'WZ20230043', NULL, 4, -44.46, 122.76),
('TR2023060800408', '2023-06-08', 'WZ20230025', NULL, 4, -31.86, 590.20),
('TR2023061100043', '2023-06-11', 'WZ20230009', NULL, 2, -18.66, 609.07),
('TR2023061100109', '2023-06-11', 'WZ20230012', 'DEPT002', 1, 8.08, 56.60),
('TR2023061100144', '2023-06-11', 'WZ20230046', NULL, 2, -35.85, 30.06),
('TR2023061100367', '2023-06-11', 'WZ20230037', NULL, 3, 35.60, 439.75),
('TR2023061200056', '2023-06-12', 'WZ20230033', NULL, 3, 4.94, 237.52),
('TR2023061200314', '2023-06-12', 'WZ20230041', NULL, 4, -34.02, 800.24),
('TR2023061300037', '2023-06-13', 'WZ20230044', 'DEPT002', 1, 15.50, 19.87),
('TR2023061300090', '2023-06-13', 'WZ20230001', NULL, 3, 46.97, 943.58),
('TR2023061400255', '2023-06-14', 'WZ20230045', NULL, 2, -46.94, 482.85),
('TR2023061600374', '2023-06-16', 'WZ20230045', NULL, 3, 32.02, 482.85),
('TR2023061700131', '2023-06-17', 'WZ20230012', 'DEPT003', 1, 38.93, 56.60),
('TR2023061700150', '2023-06-17', 'WZ20230015', NULL, 4, -42.43, 997.13),
('TR2023061700431', '2023-06-17', 'WZ20230017', NULL, 4, -26.74, 331.45),
('TR2023061800321', '2023-06-18', 'WZ20230016', NULL, 2, -6.80, 160.58),
('TR2023062100027', '2023-06-21', 'WZ20230042', NULL, 4, -6.11, 641.25),
('TR2023062100411', '2023-06-21', 'WZ20230040', NULL, 3, 33.09, 715.33),
('TR2023062100472', '2023-06-21', 'WZ20230008', NULL, 2, -1.66, 370.01),
('TR2023062200107', '2023-06-22', 'WZ20230039', NULL, 3, 36.57, 820.28),
('TR2023062200141', '2023-06-22', 'WZ20230046', NULL, 3, 38.12, 30.06),
('TR2023062200233', '2023-06-22', 'WZ20230041', 'DEPT001', 1, 27.75, 800.24),
('TR2023062200449', '2023-06-22', 'WZ20230041', NULL, 4, -5.41, 800.24),
('TR2023062300054', '2023-06-23', 'WZ20230002', NULL, 2, -9.14, 480.45),
('TR2023062500264', '2023-06-25', 'WZ20230050', NULL, 3, 20.75, 896.29),
('TR2023062600202', '2023-06-26', 'WZ20230049', 'DEPT002', 1, 2.95, 704.07),
('TR2023062600477', '2023-06-26', 'WZ20230019', 'DEPT002', 1, 15.40, 861.68),
('TR2023062700370', '2023-06-27', 'WZ20230035', NULL, 3, 42.75, 212.67),
('TR2023062700428', '2023-06-27', 'WZ20230050', NULL, 2, -29.97, 896.29),
('TR2023062800113', '2023-06-28', 'WZ20230010', NULL, 2, -24.92, 117.96),
('TR2023062800220', '2023-06-28', 'WZ20230049', 'DEPT002', 1, 32.26, 704.07),
('TR2023062800368', '2023-06-28', 'WZ20230035', NULL, 4, -30.64, 212.67),
('TR2023062900402', '2023-06-29', 'WZ20230003', NULL, 2, -31.98, 294.63),
('TR2023062900421', '2023-06-29', 'WZ20230027', NULL, 3, 31.49, 742.93),
('TR2023063000081', '2023-06-30', 'WZ20230033', NULL, 2, -27.42, 237.52),
('TR2023070200127', '2023-07-02', 'WZ20230016', NULL, 2, -24.53, 160.58),
('TR2023070200307', '2023-07-02', 'WZ20230006', NULL, 3, 16.17, 617.38),
('TR2023070300279', '2023-07-03', 'WZ20230020', NULL, 3, 47.07, 995.22),
('TR2023070300334', '2023-07-03', 'WZ20230034', NULL, 3, 5.31, 279.29),
('TR2023070500118', '2023-07-05', 'WZ20230039', NULL, 3, 35.67, 820.28),
('TR2023070500182', '2023-07-05', 'WZ20230007', NULL, 3, 23.28, 207.04),
('TR2023070500274', '2023-07-05', 'WZ20230044', NULL, 4, -42.65, 19.87),
('TR2023070600138', '2023-07-06', 'WZ20230017', 'DEPT006', 1, 46.56, 331.45),
('TR2023070600197', '2023-07-06', 'WZ20230048', NULL, 4, -45.05, 348.38),
('TR2023070600441', '2023-07-06', 'WZ20230029', 'DEPT002', 1, 49.35, 69.29),
('TR2023070800152', '2023-07-08', 'WZ20230035', NULL, 4, -32.52, 212.67),
('TR2023070800294', '2023-07-08', 'WZ20230036', 'DEPT003', 1, 45.16, 382.10),
('TR2023070900342', '2023-07-09', 'WZ20230023', 'DEPT003', 1, 14.77, 145.77),
('TR2023071000218', '2023-07-10', 'WZ20230030', NULL, 3, 32.43, 804.22),
('TR2023071100247', '2023-07-11', 'WZ20230031', NULL, 2, -21.50, 260.58),
('TR2023071200135', '2023-07-12', 'WZ20230030', NULL, 2, -17.74, 804.22),
('TR2023071400199', '2023-07-14', 'WZ20230034', NULL, 2, -29.26, 279.29),
('TR2023071400282', '2023-07-14', 'WZ20230016', NULL, 3, 41.48, 160.58),
('TR2023071500145', '2023-07-15', 'WZ20230013', 'DEPT005', 1, 34.53, 437.28),
('TR2023071700047', '2023-07-17', 'WZ20230025', NULL, 2, -42.85, 590.20),
('TR2023071700229', '2023-07-17', 'WZ20230021', NULL, 3, 9.11, 728.96),
('TR2023071800262', '2023-07-18', 'WZ20230024', NULL, 3, 12.66, 163.16),
('TR2023071800418', '2023-07-18', 'WZ20230006', NULL, 3, 42.18, 617.38),
('TR2023072000007', '2023-07-20', 'WZ20230047', NULL, 2, -17.15, 865.10),
('TR2023072000032', '2023-07-20', 'WZ20230029', NULL, 2, -43.38, 69.29),
('TR2023072000240', '2023-07-20', 'WZ20230027', NULL, 3, 39.94, 742.93),
('TR2023072000358', '2023-07-20', 'WZ20230010', NULL, 3, 5.17, 117.96),
('TR2023072100245', '2023-07-21', 'WZ20230043', NULL, 3, 8.20, 122.76),
('TR2023072200426', '2023-07-22', 'WZ20230041', 'DEPT002', 1, 40.65, 800.24),
('TR2023072300435', '2023-07-23', 'WZ20230030', NULL, 3, 8.54, 804.22),
('TR2023072400299', '2023-07-24', 'WZ20230042', 'DEPT004', 1, 42.12, 641.25),
('TR2023072400364', '2023-07-24', 'WZ20230027', NULL, 3, 6.20, 742.93),
('TR2023072600284', '2023-07-26', 'WZ20230005', NULL, 2, -25.65, 899.46),
('TR2023072700285', '2023-07-27', 'WZ20230031', 'DEPT005', 1, 46.73, 260.58),
('TR2023072700496', '2023-07-27', 'WZ20230002', NULL, 2, -37.99, 480.45),
('TR2023072800100', '2023-07-28', 'WZ20230030', NULL, 3, 32.36, 804.22),
('TR2023072900096', '2023-07-29', 'WZ20230025', 'DEPT003', 1, 2.47, 590.20),
('TR2023073100179', '2023-07-31', 'WZ20230010', 'DEPT005', 1, 7.41, 117.96),
('TR2023073100208', '2023-07-31', 'WZ20230044', NULL, 4, -5.42, 19.87),
('TR2023073100230', '2023-07-31', 'WZ20230008', NULL, 4, -33.91, 370.01),
('TR2023073100355', '2023-07-31', 'WZ20230005', 'DEPT006', 1, 26.40, 899.46),
('TR2023080200088', '2023-08-02', 'WZ20230018', 'DEPT002', 1, 1.55, 379.33),
('TR2023080600410', '2023-08-06', 'WZ20230004', NULL, 4, -47.98, 928.62),
('TR2023080700468', '2023-08-07', 'WZ20230020', NULL, 4, -31.33, 995.22),
('TR2023080800289', '2023-08-08', 'WZ20230016', NULL, 2, -20.62, 160.58),
('TR2023080800500', '2023-08-08', 'WZ20230019', 'DEPT004', 1, 43.06, 861.68),
('TR2023081000388', '2023-08-10', 'WZ20230025', NULL, 3, 8.50, 590.20),
('TR2023081100312', '2023-08-11', 'WZ20230004', NULL, 2, -26.24, 928.62),
('TR2023081200386', '2023-08-12', 'WZ20230033', NULL, 2, -15.42, 237.52),
('TR2023081300130', '2023-08-13', 'WZ20230023', NULL, 2, -48.09, 145.77),
('TR2023081300194', '2023-08-13', 'WZ20230034', NULL, 3, 9.86, 279.29),
('TR2023081300443', '2023-08-13', 'WZ20230039', NULL, 4, -21.62, 820.28),
('TR2023081400241', '2023-08-14', 'WZ20230031', 'DEPT002', 1, 5.27, 260.58),
('TR2023081600055', '2023-08-16', 'WZ20230002', NULL, 2, -29.91, 480.45),
('TR2023081600178', '2023-08-16', 'WZ20230026', NULL, 3, 18.14, 449.34),
('TR2023081600304', '2023-08-16', 'WZ20230012', NULL, 3, 17.08, 56.60),
('TR2023081600356', '2023-08-16', 'WZ20230005', NULL, 3, 25.31, 899.46),
('TR2023081700058', '2023-08-17', 'WZ20230023', NULL, 3, 26.33, 145.77),
('TR2023081700406', '2023-08-17', 'WZ20230028', 'DEPT002', 1, 4.81, 665.16),
('TR2023081900181', '2023-08-19', 'WZ20230036', NULL, 4, -33.97, 382.10),
('TR2023081900198', '2023-08-19', 'WZ20230020', NULL, 3, 24.52, 995.22),
('TR2023081900288', '2023-08-19', 'WZ20230039', NULL, 2, -25.62, 820.28),
('TR2023081900429', '2023-08-19', 'WZ20230005', 'DEPT005', 1, 7.31, 899.46),
('TR2023082000313', '2023-08-20', 'WZ20230027', NULL, 2, -14.41, 742.93),
('TR2023082100064', '2023-08-21', 'WZ20230007', 'DEPT003', 1, 25.33, 207.04),
('TR2023082100237', '2023-08-21', 'WZ20230007', NULL, 2, -18.77, 207.04),
('TR2023082100341', '2023-08-21', 'WZ20230019', NULL, 3, 34.42, 861.68),
('TR2023082200008', '2023-08-22', 'WZ20230002', NULL, 4, -28.07, 480.45),
('TR2023082300475', '2023-08-23', 'WZ20230016', 'DEPT001', 1, 48.36, 160.58),
('TR2023082400456', '2023-08-24', 'WZ20230047', NULL, 3, 29.04, 865.10),
('TR2023082500175', '2023-08-25', 'WZ20230025', NULL, 2, -26.16, 590.20),
('TR2023082700143', '2023-08-27', 'WZ20230006', NULL, 2, -12.36, 617.38),
('TR2023082800151', '2023-08-28', 'WZ20230035', NULL, 3, 44.35, 212.67),
('TR2023082800377', '2023-08-28', 'WZ20230006', NULL, 3, 18.39, 617.38),
('TR2023082800476', '2023-08-28', 'WZ20230050', NULL, 2, -30.17, 896.29),
('TR2023082800484', '2023-08-28', 'WZ20230020', NULL, 4, -24.62, 995.22),
('TR2023082900207', '2023-08-29', 'WZ20230002', NULL, 2, -32.54, 480.45),
('TR2023083000271', '2023-08-30', 'WZ20230036', NULL, 3, 39.87, 382.10),
('TR2023083100116', '2023-08-31', 'WZ20230042', NULL, 4, -10.47, 641.25),
('TR2023083100239', '2023-08-31', 'WZ20230027', NULL, 2, -14.73, 742.93),
('TR2023083100398', '2023-08-31', 'WZ20230026', NULL, 3, 5.76, 449.34),
('TR2023083100450', '2023-08-31', 'WZ20230009', NULL, 3, 15.86, 609.07),
('TR2023090100301', '2023-09-01', 'WZ20230048', 'DEPT004', 1, 44.92, 348.38),
('TR2023090100498', '2023-09-01', 'WZ20230029', NULL, 2, -14.06, 69.29),
('TR2023090200051', '2023-09-02', 'WZ20230041', NULL, 2, -3.57, 800.24),
('TR2023090200126', '2023-09-02', 'WZ20230020', NULL, 4, -42.12, 995.22),
('TR2023090400030', '2023-09-04', 'WZ20230017', NULL, 4, -46.80, 331.45),
('TR2023090500087', '2023-09-05', 'WZ20230011', NULL, 4, -32.88, 966.12),
('TR2023090700092', '2023-09-07', 'WZ20230050', NULL, 3, 17.00, 896.29),
('TR2023090700231', '2023-09-07', 'WZ20230003', NULL, 2, -39.73, 294.63),
('TR2023090900070', '2023-09-09', 'WZ20230023', NULL, 4, -7.21, 145.77),
('TR2023090900327', '2023-09-09', 'WZ20230002', NULL, 3, 4.11, 480.45),
('TR2023090900347', '2023-09-09', 'WZ20230045', NULL, 4, -7.98, 482.85),
('TR2023090900480', '2023-09-09', 'WZ20230019', NULL, 2, -37.61, 861.68),
('TR2023090900482', '2023-09-09', 'WZ20230011', NULL, 4, -45.02, 966.12),
('TR2023091100425', '2023-09-11', 'WZ20230014', NULL, 2, -32.82, 302.19),
('TR2023091200093', '2023-09-12', 'WZ20230002', NULL, 3, 41.92, 480.45),
('TR2023091200409', '2023-09-12', 'WZ20230046', NULL, 4, -37.67, 30.06),
('TR2023091300267', '2023-09-13', 'WZ20230040', NULL, 3, 26.90, 715.33),
('TR2023091300300', '2023-09-13', 'WZ20230045', 'DEPT005', 1, 17.07, 482.85),
('TR2023091500439', '2023-09-15', 'WZ20230039', NULL, 2, -7.00, 820.28),
('TR2023091500486', '2023-09-15', 'WZ20230045', 'DEPT002', 1, 46.72, 482.85),
('TR2023091600009', '2023-09-16', 'WZ20230040', 'DEPT005', 1, 34.96, 715.33),
('TR2023091600359', '2023-09-16', 'WZ20230007', 'DEPT001', 1, 19.94, 207.04),
('TR2023091700177', '2023-09-17', 'WZ20230012', NULL, 2, -5.24, 56.60),
('TR2023091700352', '2023-09-17', 'WZ20230014', NULL, 2, -39.99, 302.19),
('TR2023091700371', '2023-09-17', 'WZ20230016', NULL, 3, 45.88, 160.58),
('TR2023091800485', '2023-09-18', 'WZ20230002', NULL, 3, 44.58, 480.45),
('TR2023092000397', '2023-09-20', 'WZ20230016', NULL, 4, -45.91, 160.58),
('TR2023092100227', '2023-09-21', 'WZ20230009', NULL, 3, 9.49, 609.07),
('TR2023092100287', '2023-09-21', 'WZ20230033', NULL, 3, 46.19, 237.52),
('TR2023092200190', '2023-09-22', 'WZ20230046', NULL, 2, -29.56, 30.06),
('TR2023092200212', '2023-09-22', 'WZ20230031', NULL, 3, 33.69, 260.58),
('TR2023092600330', '2023-09-26', 'WZ20230032', NULL, 2, -15.37, 60.77),
('TR2023092700137', '2023-09-27', 'WZ20230037', 'DEPT006', 1, 25.20, 439.75),
('TR2023092700243', '2023-09-27', 'WZ20230049', NULL, 4, -26.72, 704.07),
('TR2023092700407', '2023-09-27', 'WZ20230013', NULL, 3, 9.88, 437.28),
('TR2023092800053', '2023-09-28', 'WZ20230033', NULL, 4, -34.57, 237.52),
('TR2023092800062', '2023-09-28', 'WZ20230006', NULL, 4, -13.33, 617.38),
('TR2023093000122', '2023-09-30', 'WZ20230032', NULL, 3, 6.77, 60.77),
('TR2023093000189', '2023-09-30', 'WZ20230030', 'DEPT002', 1, 34.03, 804.22),
('TR2023100100383', '2023-10-01', 'WZ20230040', NULL, 4, -21.78, 715.33),
('TR2023100200187', '2023-10-02', 'WZ20230050', 'DEPT005', 1, 15.12, 896.29),
('TR2023100300142', '2023-10-03', 'WZ20230033', NULL, 4, -2.45, 237.52),
('TR2023100300234', '2023-10-03', 'WZ20230045', NULL, 4, -5.66, 482.85),
('TR2023100300253', '2023-10-03', 'WZ20230050', NULL, 2, -24.13, 896.29),
('TR2023100400044', '2023-10-04', 'WZ20230028', NULL, 2, -49.54, 665.16),
('TR2023100400325', '2023-10-04', 'WZ20230027', NULL, 4, -34.68, 742.93),
('TR2023100600184', '2023-10-06', 'WZ20230024', NULL, 4, -37.89, 163.16),
('TR2023100700350', '2023-10-07', 'WZ20230038', NULL, 2, -7.61, 725.26),
('TR2023100700423', '2023-10-07', 'WZ20230016', 'DEPT002', 1, 11.83, 160.58),
('TR2023100800323', '2023-10-08', 'WZ20230036', NULL, 4, -32.77, 382.10),
('TR2023100900085', '2023-10-09', 'WZ20230023', NULL, 2, -41.93, 145.77),
('TR2023100900169', '2023-10-09', 'WZ20230003', 'DEPT001', 1, 15.84, 294.63),
('TR2023100900298', '2023-10-09', 'WZ20230022', 'DEPT004', 1, 6.45, 314.68),
('TR2023101000129', '2023-10-10', 'WZ20230012', 'DEPT002', 1, 9.62, 56.60),
('TR2023101000191', '2023-10-10', 'WZ20230036', 'DEPT001', 1, 49.71, 382.10),
('TR2023101100257', '2023-10-11', 'WZ20230026', NULL, 2, -8.72, 449.34),
('TR2023101100306', '2023-10-11', 'WZ20230014', 'DEPT003', 1, 20.77, 302.19),
('TR2023101200272', '2023-10-12', 'WZ20230005', NULL, 2, -16.89, 899.46),
('TR2023101500404', '2023-10-15', 'WZ20230041', 'DEPT003', 1, 23.96, 800.24),
('TR2023101500481', '2023-10-15', 'WZ20230029', NULL, 4, -9.44, 69.29),
('TR2023101600099', '2023-10-16', 'WZ20230037', 'DEPT004', 1, 4.04, 439.75),
('TR2023101600280', '2023-10-16', 'WZ20230011', NULL, 4, -1.99, 966.12),
('TR2023101700023', '2023-10-17', 'WZ20230016', 'DEPT004', 1, 19.38, 160.58),
('TR2023101800083', '2023-10-18', 'WZ20230048', NULL, 3, 13.14, 348.38),
('TR2023101800310', '2023-10-18', 'WZ20230029', 'DEPT002', 1, 34.44, 69.29),
('TR2023101800339', '2023-10-18', 'WZ20230035', NULL, 3, 49.18, 212.67),
('TR2023101800393', '2023-10-18', 'WZ20230025', NULL, 2, -42.34, 590.20),
('TR2023101900422', '2023-10-19', 'WZ20230045', 'DEPT001', 1, 24.24, 482.85),
('TR2023102000246', '2023-10-20', 'WZ20230034', NULL, 4, -28.24, 279.29),
('TR2023102000396', '2023-10-20', 'WZ20230027', 'DEPT006', 1, 25.13, 742.93),
('TR2023102100003', '2023-10-21', 'WZ20230023', NULL, 3, 32.23, 145.77),
('TR2023102100147', '2023-10-21', 'WZ20230016', NULL, 2, -32.90, 160.58),
('TR2023102300213', '2023-10-23', 'WZ20230037', NULL, 4, -22.99, 439.75),
('TR2023102400366', '2023-10-24', 'WZ20230041', NULL, 3, 48.87, 800.24),
('TR2023102400382', '2023-10-24', 'WZ20230017', NULL, 4, -37.71, 331.45),
('TR2023102500185', '2023-10-25', 'WZ20230043', NULL, 4, -37.98, 122.76),
('TR2023102500437', '2023-10-25', 'WZ20230046', 'DEPT006', 1, 31.31, 30.06),
('TR2023102500470', '2023-10-25', 'WZ20230036', NULL, 3, 4.26, 382.10),
('TR2023102600464', '2023-10-26', 'WZ20230025', NULL, 3, 7.62, 590.20),
('TR2023102700414', '2023-10-27', 'WZ20230011', NULL, 3, 41.04, 966.12),
('TR2023102900086', '2023-10-29', 'WZ20230011', 'DEPT001', 1, 28.06, 966.12),
('TR2023102900171', '2023-10-29', 'WZ20230013', NULL, 4, -22.03, 437.28),
('TR2023103000101', '2023-10-30', 'WZ20230020', 'DEPT002', 1, 18.77, 995.22),
('TR2023103000337', '2023-10-30', 'WZ20230032', NULL, 2, -9.74, 60.77),
('TR2023103100117', '2023-10-31', 'WZ20230029', 'DEPT001', 1, 7.62, 69.29),
('TR2023110500040', '2023-11-05', 'WZ20230020', NULL, 4, -38.17, 995.22),
('TR2023110500305', '2023-11-05', 'WZ20230031', NULL, 4, -2.55, 260.58),
('TR2023110600209', '2023-11-06', 'WZ20230023', 'DEPT006', 1, 42.34, 145.77),
('TR2023110600380', '2023-11-06', 'WZ20230017', NULL, 3, 9.03, 331.45),
('TR2023110700372', '2023-11-07', 'WZ20230028', 'DEPT001', 1, 36.85, 665.16),
('TR2023110900031', '2023-11-09', 'WZ20230006', NULL, 2, -7.60, 617.38),
('TR2023110900149', '2023-11-09', 'WZ20230022', NULL, 3, 37.83, 314.68),
('TR2023110900458', '2023-11-09', 'WZ20230007', 'DEPT003', 1, 48.56, 207.04),
('TR2023111000042', '2023-11-10', 'WZ20230023', NULL, 3, 8.40, 145.77),
('TR2023111000399', '2023-11-10', 'WZ20230005', 'DEPT004', 1, 43.07, 899.46),
('TR2023111100084', '2023-11-11', 'WZ20230027', NULL, 2, -49.43, 742.93),
('TR2023111100465', '2023-11-11', 'WZ20230039', NULL, 4, -26.78, 820.28),
('TR2023111200333', '2023-11-12', 'WZ20230006', NULL, 2, -15.32, 617.38),
('TR2023111200445', '2023-11-12', 'WZ20230014', NULL, 3, 3.94, 302.19),
('TR2023111400002', '2023-11-14', 'WZ20230022', NULL, 3, 19.17, 314.68),
('TR2023111400121', '2023-11-14', 'WZ20230044', NULL, 3, 24.65, 19.87),
('TR2023111500017', '2023-11-15', 'WZ20230036', 'DEPT001', 1, 20.22, 382.10),
('TR2023111600125', '2023-11-16', 'WZ20230013', NULL, 2, -7.08, 437.28),
('TR2023111600451', '2023-11-16', 'WZ20230002', NULL, 3, 18.28, 480.45),
('TR2023111800146', '2023-11-18', 'WZ20230026', NULL, 4, -8.54, 449.34),
('TR2023111900219', '2023-11-19', 'WZ20230019', NULL, 3, 30.70, 861.68),
('TR2023112200448', '2023-11-22', 'WZ20230045', NULL, 2, -42.55, 482.85),
('TR2023112400120', '2023-11-24', 'WZ20230004', 'DEPT002', 1, 36.43, 928.62),
('TR2023112400214', '2023-11-24', 'WZ20230044', NULL, 2, -29.85, 19.87),
('TR2023112500459', '2023-11-25', 'WZ20230032', NULL, 4, -38.17, 60.77),
('TR2023112800275', '2023-11-28', 'WZ20230045', NULL, 2, -29.98, 482.85),
('TR2023112900158', '2023-11-29', 'WZ20230019', NULL, 2, -10.54, 861.68),
('TR2023112900162', '2023-11-29', 'WZ20230050', NULL, 4, -4.29, 896.29),
('TR2023112900217', '2023-11-29', 'WZ20230013', NULL, 4, -43.26, 437.28),
('TR2023120100103', '2023-12-01', 'WZ20230044', 'DEPT004', 1, 14.10, 19.87),
('TR2023120100157', '2023-12-01', 'WZ20230021', NULL, 3, 7.79, 728.96),
('TR2023120200133', '2023-12-02', 'WZ20230021', NULL, 2, -21.16, 728.96),
('TR2023120300159', '2023-12-03', 'WZ20230032', NULL, 3, 12.68, 60.77),
('TR2023120300336', '2023-12-03', 'WZ20230009', NULL, 2, -41.22, 609.07),
('TR2023120300473', '2023-12-03', 'WZ20230050', NULL, 4, -43.84, 896.29),
('TR2023120400345', '2023-12-04', 'WZ20230017', NULL, 2, -34.53, 331.45),
('TR2023120600155', '2023-12-06', 'WZ20230002', NULL, 2, -27.25, 480.45),
('TR2023120600348', '2023-12-06', 'WZ20230008', NULL, 4, -41.15, 370.01),
('TR2023120800369', '2023-12-08', 'WZ20230017', NULL, 4, -46.90, 331.45),
('TR2023120800447', '2023-12-08', 'WZ20230032', NULL, 2, -1.43, 60.77),
('TR2023120800457', '2023-12-08', 'WZ20230025', 'DEPT004', 1, 49.29, 590.20),
('TR2023120900080', '2023-12-09', 'WZ20230038', NULL, 2, -46.68, 725.26),
('TR2023120900153', '2023-12-09', 'WZ20230014', NULL, 4, -49.28, 302.19),
('TR2023121000188', '2023-12-10', 'WZ20230012', 'DEPT004', 1, 5.36, 56.60),
('TR2023121100014', '2023-12-11', 'WZ20230031', NULL, 3, 43.68, 260.58),
('TR2023121100308', '2023-12-11', 'WZ20230022', NULL, 3, 38.22, 314.68),
('TR2023121200139', '2023-12-12', 'WZ20230010', 'DEPT001', 1, 34.11, 117.96),
('TR2023121300016', '2023-12-13', 'WZ20230011', NULL, 3, 46.99, 966.12),
('TR2023121300204', '2023-12-13', 'WZ20230041', NULL, 4, -27.00, 800.24),
('TR2023121300251', '2023-12-13', 'WZ20230033', 'DEPT002', 1, 42.68, 237.52),
('TR2023121500438', '2023-12-15', 'WZ20230023', NULL, 4, -1.12, 145.77),
('TR2023121900011', '2023-12-19', 'WZ20230028', NULL, 3, 2.22, 665.16),
('TR2023121900277', '2023-12-19', 'WZ20230043', NULL, 3, 1.42, 122.76),
('TR2023122000452', '2023-12-20', 'WZ20230031', NULL, 2, -37.97, 260.58),
('TR2023122100006', '2023-12-21', 'WZ20230017', NULL, 4, -32.20, 331.45),
('TR2023122300061', '2023-12-23', 'WZ20230048', NULL, 3, 18.50, 348.38),
('TR2023122300376', '2023-12-23', 'WZ20230021', NULL, 2, -2.63, 728.96),
('TR2023122300385', '2023-12-23', 'WZ20230035', NULL, 4, -46.82, 212.67),
('TR2023122400163', '2023-12-24', 'WZ20230033', 'DEPT002', 1, 19.07, 237.52),
('TR2023122500416', '2023-12-25', 'WZ20230048', NULL, 4, -6.98, 348.38),
('TR2023122600021', '2023-12-26', 'WZ20230045', 'DEPT004', 1, 41.48, 482.85),
('TR2023122600111', '2023-12-26', 'WZ20230029', NULL, 2, -19.96, 69.29),
('TR2023122600273', '2023-12-26', 'WZ20230029', NULL, 2, -30.90, 69.29),
('TR2023122600494', '2023-12-26', 'WZ20230044', NULL, 4, -46.95, 19.87),
('TR2023122700295', '2023-12-27', 'WZ20230012', NULL, 2, -18.37, 56.60),
('TR2023122800400', '2023-12-28', 'WZ20230019', NULL, 3, 18.65, 861.68),
('TR2023122900005', '2023-12-29', 'WZ20230035', 'DEPT001', 1, 5.80, 212.67),
('TR2023122900391', '2023-12-29', 'WZ20230011', NULL, 4, -37.71, 966.12),
('TR2023123000292', '2023-12-30', 'WZ20230014', NULL, 3, 25.01, 302.19),
('TR2023123000351', '2023-12-30', 'WZ20230044', 'DEPT005', 1, 37.53, 19.87),
('TR2023123000436', '2023-12-30', 'WZ20230041', NULL, 4, -3.89, 800.24);

-- --------------------------------------------------------

--
-- Table structure for table `fact_inventory_snapshot`
--

CREATE TABLE `fact_inventory_snapshot` (
  `snapshot_id` int(11) NOT NULL,
  `date_id` date DEFAULT NULL,
  `material_id` varchar(25) DEFAULT NULL,
  `quantity` decimal(10,2) DEFAULT NULL
) ENGINE=InnoDB DEFAULT CHARSET=utf8mb4 COLLATE=utf8mb4_general_ci;

--
-- Dumping data for table `fact_inventory_snapshot`
--

INSERT INTO `fact_inventory_snapshot` (`snapshot_id`, `date_id`, `material_id`, `quantity`) VALUES
(1, '2023-01-29', 'WZ20230001', 5.49),
(2, '2023-02-06', 'WZ20230001', 43.09),
(3, '2023-03-04', 'WZ20230001', 64.10),
(4, '2023-04-01', 'WZ20230001', 112.80),
(5, '2023-06-13', 'WZ20230001', 112.80),
(6, '2023-02-15', 'WZ20230002', 48.03),
(7, '2023-02-27', 'WZ20230002', 48.03),
(8, '2023-04-03', 'WZ20230002', 48.03),
(9, '2023-05-14', 'WZ20230002', 88.08),
(10, '2023-05-24', 'WZ20230002', 108.83),
(11, '2023-06-23', 'WZ20230002', 117.97),
(12, '2023-07-27', 'WZ20230002', 155.96),
(13, '2023-08-16', 'WZ20230002', 185.87),
(14, '2023-08-22', 'WZ20230002', 213.94),
(15, '2023-08-29', 'WZ20230002', 246.48),
(16, '2023-09-09', 'WZ20230002', 246.48),
(17, '2023-09-12', 'WZ20230002', 246.48),
(18, '2023-09-18', 'WZ20230002', 246.48),
(19, '2023-11-16', 'WZ20230002', 246.48),
(20, '2023-12-06', 'WZ20230002', 273.73),
(21, '2023-01-13', 'WZ20230003', 0.00),
(22, '2023-01-24', 'WZ20230003', 32.48),
(23, '2023-02-11', 'WZ20230003', 55.47),
(24, '2023-06-29', 'WZ20230003', 87.45),
(25, '2023-09-07', 'WZ20230003', 127.18),
(26, '2023-10-09', 'WZ20230003', 143.02),
(27, '2023-01-06', 'WZ20230004', 15.01),
(28, '2023-01-08', 'WZ20230004', 15.01),
(29, '2023-05-26', 'WZ20230004', 51.82),
(30, '2023-08-06', 'WZ20230004', 99.80),
(31, '2023-08-11', 'WZ20230004', 126.04),
(32, '2023-11-24', 'WZ20230004', 162.47),
(33, '2023-01-14', 'WZ20230005', 37.38),
(34, '2023-02-01', 'WZ20230005', 61.96),
(35, '2023-02-09', 'WZ20230005', 61.96),
(36, '2023-04-03', 'WZ20230005', 99.13),
(37, '2023-05-23', 'WZ20230005', 101.22),
(38, '2023-07-26', 'WZ20230005', 126.87),
(39, '2023-07-31', 'WZ20230005', 153.27),
(40, '2023-08-16', 'WZ20230005', 153.27),
(41, '2023-08-19', 'WZ20230005', 160.58),
(42, '2023-10-12', 'WZ20230005', 177.47),
(43, '2023-11-10', 'WZ20230005', 220.54),
(44, '2023-03-12', 'WZ20230006', 32.36),
(45, '2023-03-18', 'WZ20230006', 49.42),
(46, '2023-04-23', 'WZ20230006', 49.42),
(47, '2023-07-02', 'WZ20230006', 49.42),
(48, '2023-07-18', 'WZ20230006', 49.42),
(49, '2023-08-27', 'WZ20230006', 61.78),
(50, '2023-08-28', 'WZ20230006', 61.78),
(51, '2023-09-28', 'WZ20230006', 75.11),
(52, '2023-11-09', 'WZ20230006', 82.71),
(53, '2023-11-12', 'WZ20230006', 98.03),
(54, '2023-04-26', 'WZ20230007', 16.57),
(55, '2023-05-15', 'WZ20230007', 17.58),
(56, '2023-07-05', 'WZ20230007', 17.58),
(57, '2023-08-21', 'WZ20230007', 61.68),
(58, '2023-09-16', 'WZ20230007', 81.62),
(59, '2023-11-09', 'WZ20230007', 130.18),
(60, '2023-01-30', 'WZ20230008', 2.51),
(61, '2023-02-01', 'WZ20230008', 44.61),
(62, '2023-04-12', 'WZ20230008', 44.61),
(63, '2023-04-13', 'WZ20230008', 81.65),
(64, '2023-05-28', 'WZ20230008', 84.32),
(65, '2023-06-21', 'WZ20230008', 85.98),
(66, '2023-07-31', 'WZ20230008', 119.89),
(67, '2023-12-06', 'WZ20230008', 161.04),
(68, '2023-01-25', 'WZ20230009', 0.00),
(69, '2023-02-04', 'WZ20230009', 17.36),
(70, '2023-03-01', 'WZ20230009', 17.36),
(71, '2023-03-08', 'WZ20230009', 23.84),
(72, '2023-03-17', 'WZ20230009', 23.84),
(73, '2023-05-12', 'WZ20230009', 39.80),
(74, '2023-06-11', 'WZ20230009', 58.46),
(75, '2023-08-31', 'WZ20230009', 58.46),
(76, '2023-09-21', 'WZ20230009', 58.46),
(77, '2023-12-03', 'WZ20230009', 99.68),
(78, '2023-01-08', 'WZ20230010', 35.17),
(79, '2023-03-08', 'WZ20230010', 79.05),
(80, '2023-04-10', 'WZ20230010', 105.40),
(81, '2023-05-01', 'WZ20230010', 124.55),
(82, '2023-05-20', 'WZ20230010', 161.17),
(83, '2023-05-21', 'WZ20230010', 161.17),
(84, '2023-06-04', 'WZ20230010', 208.88),
(85, '2023-06-28', 'WZ20230010', 233.80),
(86, '2023-07-20', 'WZ20230010', 233.80),
(87, '2023-07-31', 'WZ20230010', 241.21),
(88, '2023-12-12', 'WZ20230010', 275.32),
(89, '2023-02-21', 'WZ20230011', 5.24),
(90, '2023-02-27', 'WZ20230011', 34.41),
(91, '2023-05-28', 'WZ20230011', 82.51),
(92, '2023-09-05', 'WZ20230011', 115.39),
(93, '2023-09-09', 'WZ20230011', 160.41),
(94, '2023-10-16', 'WZ20230011', 162.40),
(95, '2023-10-27', 'WZ20230011', 162.40),
(96, '2023-10-29', 'WZ20230011', 190.46),
(97, '2023-12-13', 'WZ20230011', 190.46),
(98, '2023-12-29', 'WZ20230011', 228.17),
(99, '2023-02-07', 'WZ20230012', 37.57),
(100, '2023-03-28', 'WZ20230012', 47.64),
(101, '2023-06-06', 'WZ20230012', 67.18),
(102, '2023-06-11', 'WZ20230012', 75.26),
(103, '2023-06-17', 'WZ20230012', 114.19),
(104, '2023-08-16', 'WZ20230012', 114.19),
(105, '2023-09-17', 'WZ20230012', 119.43),
(106, '2023-10-10', 'WZ20230012', 129.05),
(107, '2023-12-10', 'WZ20230012', 134.41),
(108, '2023-12-27', 'WZ20230012', 152.78),
(109, '2023-02-04', 'WZ20230013', 0.00),
(110, '2023-03-06', 'WZ20230013', 0.00),
(111, '2023-03-26', 'WZ20230013', 34.71),
(112, '2023-07-15', 'WZ20230013', 69.24),
(113, '2023-09-27', 'WZ20230013', 69.24),
(114, '2023-10-29', 'WZ20230013', 91.27),
(115, '2023-11-16', 'WZ20230013', 98.35),
(116, '2023-11-29', 'WZ20230013', 141.61),
(117, '2023-03-18', 'WZ20230014', 47.51),
(118, '2023-03-22', 'WZ20230014', 74.08),
(119, '2023-04-18', 'WZ20230014', 76.83),
(120, '2023-04-24', 'WZ20230014', 105.95),
(121, '2023-09-11', 'WZ20230014', 138.77),
(122, '2023-09-17', 'WZ20230014', 178.76),
(123, '2023-10-11', 'WZ20230014', 199.53),
(124, '2023-11-12', 'WZ20230014', 199.53),
(125, '2023-12-09', 'WZ20230014', 248.81),
(126, '2023-12-30', 'WZ20230014', 248.81),
(127, '2023-01-04', 'WZ20230015', 0.00),
(128, '2023-03-05', 'WZ20230015', 20.47),
(129, '2023-03-26', 'WZ20230015', 28.21),
(130, '2023-05-12', 'WZ20230015', 69.09),
(131, '2023-05-18', 'WZ20230015', 73.72),
(132, '2023-06-17', 'WZ20230015', 116.15),
(133, '2023-01-19', 'WZ20230016', 20.29),
(134, '2023-02-08', 'WZ20230016', 39.51),
(135, '2023-03-19', 'WZ20230016', 45.36),
(136, '2023-05-06', 'WZ20230016', 65.10),
(137, '2023-06-18', 'WZ20230016', 71.90),
(138, '2023-07-02', 'WZ20230016', 96.43),
(139, '2023-07-14', 'WZ20230016', 96.43),
(140, '2023-08-08', 'WZ20230016', 117.05),
(141, '2023-08-23', 'WZ20230016', 165.41),
(142, '2023-09-17', 'WZ20230016', 165.41),
(143, '2023-09-20', 'WZ20230016', 211.32),
(144, '2023-10-07', 'WZ20230016', 223.15),
(145, '2023-10-17', 'WZ20230016', 242.53),
(146, '2023-10-21', 'WZ20230016', 275.43),
(147, '2023-01-21', 'WZ20230017', 39.19),
(148, '2023-03-12', 'WZ20230017', 39.19),
(149, '2023-03-13', 'WZ20230017', 67.54),
(150, '2023-06-05', 'WZ20230017', 78.87),
(151, '2023-06-17', 'WZ20230017', 105.61),
(152, '2023-07-06', 'WZ20230017', 152.17),
(153, '2023-09-04', 'WZ20230017', 198.97),
(154, '2023-10-24', 'WZ20230017', 236.68),
(155, '2023-11-06', 'WZ20230017', 236.68),
(156, '2023-12-04', 'WZ20230017', 271.21),
(157, '2023-12-08', 'WZ20230017', 318.11),
(158, '2023-12-21', 'WZ20230017', 350.31),
(159, '2023-01-10', 'WZ20230018', 10.65),
(160, '2023-01-22', 'WZ20230018', 25.96),
(161, '2023-03-20', 'WZ20230018', 66.51),
(162, '2023-04-25', 'WZ20230018', 87.06),
(163, '2023-05-29', 'WZ20230018', 107.43),
(164, '2023-08-02', 'WZ20230018', 108.98),
(165, '2023-01-01', 'WZ20230019', 0.00),
(166, '2023-03-02', 'WZ20230019', 20.28),
(167, '2023-03-30', 'WZ20230019', 23.86),
(168, '2023-04-21', 'WZ20230019', 51.29),
(169, '2023-06-01', 'WZ20230019', 92.50),
(170, '2023-06-26', 'WZ20230019', 107.90),
(171, '2023-08-08', 'WZ20230019', 150.96),
(172, '2023-08-21', 'WZ20230019', 150.96),
(173, '2023-09-09', 'WZ20230019', 188.57),
(174, '2023-11-19', 'WZ20230019', 188.57),
(175, '2023-11-29', 'WZ20230019', 199.11),
(176, '2023-12-28', 'WZ20230019', 199.11),
(177, '2023-01-06', 'WZ20230020', 0.00),
(178, '2023-01-17', 'WZ20230020', 30.25),
(179, '2023-01-24', 'WZ20230020', 62.47),
(180, '2023-03-28', 'WZ20230020', 103.22),
(181, '2023-04-07', 'WZ20230020', 103.22),
(182, '2023-04-13', 'WZ20230020', 103.22),
(183, '2023-05-21', 'WZ20230020', 103.22),
(184, '2023-07-03', 'WZ20230020', 103.22),
(185, '2023-08-07', 'WZ20230020', 134.55),
(186, '2023-08-19', 'WZ20230020', 134.55),
(187, '2023-08-28', 'WZ20230020', 159.17),
(188, '2023-09-02', 'WZ20230020', 201.29),
(189, '2023-10-30', 'WZ20230020', 220.06),
(190, '2023-11-05', 'WZ20230020', 258.23),
(191, '2023-01-23', 'WZ20230021', 6.76),
(192, '2023-05-22', 'WZ20230021', 17.63),
(193, '2023-07-17', 'WZ20230021', 17.63),
(194, '2023-12-01', 'WZ20230021', 17.63),
(195, '2023-12-02', 'WZ20230021', 38.79),
(196, '2023-12-23', 'WZ20230021', 41.42),
(197, '2023-02-19', 'WZ20230022', 30.93),
(198, '2023-03-08', 'WZ20230022', 30.93),
(199, '2023-03-12', 'WZ20230022', 30.93),
(200, '2023-03-22', 'WZ20230022', 30.93),
(201, '2023-04-03', 'WZ20230022', 56.85),
(202, '2023-10-09', 'WZ20230022', 63.30),
(203, '2023-11-09', 'WZ20230022', 63.30),
(204, '2023-11-14', 'WZ20230022', 63.30),
(205, '2023-12-11', 'WZ20230022', 63.30),
(206, '2023-01-14', 'WZ20230023', 24.32),
(207, '2023-02-05', 'WZ20230023', 24.32),
(208, '2023-07-09', 'WZ20230023', 39.09),
(209, '2023-08-13', 'WZ20230023', 87.18),
(210, '2023-08-17', 'WZ20230023', 87.18),
(211, '2023-09-09', 'WZ20230023', 94.39),
(212, '2023-10-09', 'WZ20230023', 136.32),
(213, '2023-10-21', 'WZ20230023', 136.32),
(214, '2023-11-06', 'WZ20230023', 178.66),
(215, '2023-11-10', 'WZ20230023', 178.66),
(216, '2023-12-15', 'WZ20230023', 179.78),
(217, '2023-01-05', 'WZ20230024', 21.64),
(218, '2023-03-14', 'WZ20230024', 31.55),
(219, '2023-04-04', 'WZ20230024', 48.28),
(220, '2023-04-27', 'WZ20230024', 97.15),
(221, '2023-05-19', 'WZ20230024', 125.63),
(222, '2023-05-20', 'WZ20230024', 173.70),
(223, '2023-07-18', 'WZ20230024', 173.70),
(224, '2023-10-06', 'WZ20230024', 211.59),
(225, '2023-01-21', 'WZ20230025', 22.48),
(226, '2023-05-31', 'WZ20230025', 22.48),
(227, '2023-06-08', 'WZ20230025', 54.34),
(228, '2023-07-17', 'WZ20230025', 97.19),
(229, '2023-07-29', 'WZ20230025', 99.66),
(230, '2023-08-10', 'WZ20230025', 99.66),
(231, '2023-08-25', 'WZ20230025', 125.82),
(232, '2023-10-18', 'WZ20230025', 168.16),
(233, '2023-10-26', 'WZ20230025', 168.16),
(234, '2023-12-08', 'WZ20230025', 217.45),
(235, '2023-01-11', 'WZ20230026', 0.00),
(236, '2023-01-26', 'WZ20230026', 20.16),
(237, '2023-02-16', 'WZ20230026', 51.06),
(238, '2023-02-24', 'WZ20230026', 75.40),
(239, '2023-03-01', 'WZ20230026', 75.40),
(240, '2023-04-24', 'WZ20230026', 75.40),
(241, '2023-05-31', 'WZ20230026', 119.89),
(242, '2023-08-16', 'WZ20230026', 119.89),
(243, '2023-08-31', 'WZ20230026', 119.89),
(244, '2023-10-11', 'WZ20230026', 128.61),
(245, '2023-11-18', 'WZ20230026', 137.15),
(246, '2023-01-01', 'WZ20230027', 0.00),
(247, '2023-01-28', 'WZ20230027', 49.93),
(248, '2023-03-05', 'WZ20230027', 76.07),
(249, '2023-03-08', 'WZ20230027', 102.50),
(250, '2023-03-13', 'WZ20230027', 132.66),
(251, '2023-03-15', 'WZ20230027', 165.43),
(252, '2023-04-24', 'WZ20230027', 165.43),
(253, '2023-05-07', 'WZ20230027', 194.63),
(254, '2023-05-29', 'WZ20230027', 194.63),
(255, '2023-06-01', 'WZ20230027', 201.22),
(256, '2023-06-29', 'WZ20230027', 201.22),
(257, '2023-07-20', 'WZ20230027', 201.22),
(258, '2023-07-24', 'WZ20230027', 201.22),
(259, '2023-08-20', 'WZ20230027', 215.63),
(260, '2023-08-31', 'WZ20230027', 230.36),
(261, '2023-10-04', 'WZ20230027', 265.04),
(262, '2023-10-20', 'WZ20230027', 290.17),
(263, '2023-11-11', 'WZ20230027', 339.60),
(264, '2023-02-01', 'WZ20230028', 0.00),
(265, '2023-02-28', 'WZ20230028', 0.00),
(266, '2023-05-22', 'WZ20230028', 49.24),
(267, '2023-05-29', 'WZ20230028', 49.24),
(268, '2023-08-17', 'WZ20230028', 54.05),
(269, '2023-10-04', 'WZ20230028', 103.59),
(270, '2023-11-07', 'WZ20230028', 140.44),
(271, '2023-12-19', 'WZ20230028', 140.44),
(272, '2023-01-30', 'WZ20230029', 6.61),
(273, '2023-02-13', 'WZ20230029', 10.89),
(274, '2023-02-17', 'WZ20230029', 16.68),
(275, '2023-03-06', 'WZ20230029', 16.68),
(276, '2023-05-03', 'WZ20230029', 41.05),
(277, '2023-06-02', 'WZ20230029', 74.50),
(278, '2023-07-06', 'WZ20230029', 123.85),
(279, '2023-07-20', 'WZ20230029', 167.23),
(280, '2023-09-01', 'WZ20230029', 181.29),
(281, '2023-10-15', 'WZ20230029', 190.73),
(282, '2023-10-18', 'WZ20230029', 225.17),
(283, '2023-10-31', 'WZ20230029', 232.79),
(284, '2023-12-26', 'WZ20230029', 283.65),
(285, '2023-01-03', 'WZ20230030', 28.19),
(286, '2023-01-07', 'WZ20230030', 39.53),
(287, '2023-04-14', 'WZ20230030', 55.67),
(288, '2023-04-18', 'WZ20230030', 77.84),
(289, '2023-05-14', 'WZ20230030', 77.84),
(290, '2023-07-10', 'WZ20230030', 77.84),
(291, '2023-07-12', 'WZ20230030', 95.58),
(292, '2023-07-23', 'WZ20230030', 95.58),
(293, '2023-07-28', 'WZ20230030', 95.58),
(294, '2023-09-30', 'WZ20230030', 129.61),
(295, '2023-02-25', 'WZ20230031', 31.25),
(296, '2023-06-02', 'WZ20230031', 66.19),
(297, '2023-07-11', 'WZ20230031', 87.69),
(298, '2023-07-27', 'WZ20230031', 134.42),
(299, '2023-08-14', 'WZ20230031', 139.69),
(300, '2023-09-22', 'WZ20230031', 139.69),
(301, '2023-11-05', 'WZ20230031', 142.24),
(302, '2023-12-11', 'WZ20230031', 142.24),
(303, '2023-12-20', 'WZ20230031', 180.21),
(304, '2023-06-02', 'WZ20230032', 25.44),
(305, '2023-09-26', 'WZ20230032', 40.81),
(306, '2023-09-30', 'WZ20230032', 40.81),
(307, '2023-10-30', 'WZ20230032', 50.55),
(308, '2023-11-25', 'WZ20230032', 88.72),
(309, '2023-12-03', 'WZ20230032', 88.72),
(310, '2023-12-08', 'WZ20230032', 90.15),
(311, '2023-04-07', 'WZ20230033', 0.00),
(312, '2023-06-12', 'WZ20230033', 0.00),
(313, '2023-06-30', 'WZ20230033', 27.42),
(314, '2023-08-12', 'WZ20230033', 42.84),
(315, '2023-09-21', 'WZ20230033', 42.84),
(316, '2023-09-28', 'WZ20230033', 77.41),
(317, '2023-10-03', 'WZ20230033', 79.86),
(318, '2023-12-13', 'WZ20230033', 122.54),
(319, '2023-12-24', 'WZ20230033', 141.61),
(320, '2023-02-11', 'WZ20230034', 37.35),
(321, '2023-03-12', 'WZ20230034', 37.35),
(322, '2023-05-01', 'WZ20230034', 79.71),
(323, '2023-05-11', 'WZ20230034', 79.71),
(324, '2023-05-13', 'WZ20230034', 111.84),
(325, '2023-05-25', 'WZ20230034', 157.57),
(326, '2023-05-28', 'WZ20230034', 185.69),
(327, '2023-07-03', 'WZ20230034', 185.69),
(328, '2023-07-14', 'WZ20230034', 214.95),
(329, '2023-08-13', 'WZ20230034', 214.95),
(330, '2023-10-20', 'WZ20230034', 243.19),
(331, '2023-01-27', 'WZ20230035', 0.00),
(332, '2023-02-02', 'WZ20230035', 0.00),
(333, '2023-02-05', 'WZ20230035', 0.00),
(334, '2023-02-17', 'WZ20230035', 25.16),
(335, '2023-03-08', 'WZ20230035', 56.90),
(336, '2023-03-17', 'WZ20230035', 88.60),
(337, '2023-04-09', 'WZ20230035', 114.78),
(338, '2023-04-12', 'WZ20230035', 161.69),
(339, '2023-05-28', 'WZ20230035', 161.69),
(340, '2023-06-27', 'WZ20230035', 161.69),
(341, '2023-06-28', 'WZ20230035', 192.33),
(342, '2023-07-08', 'WZ20230035', 224.85),
(343, '2023-08-28', 'WZ20230035', 224.85),
(344, '2023-10-18', 'WZ20230035', 224.85),
(345, '2023-12-23', 'WZ20230035', 271.67),
(346, '2023-12-29', 'WZ20230035', 277.47),
(347, '2023-02-11', 'WZ20230036', 24.96),
(348, '2023-02-26', 'WZ20230036', 49.09),
(349, '2023-03-13', 'WZ20230036', 78.70),
(350, '2023-04-15', 'WZ20230036', 93.56),
(351, '2023-05-01', 'WZ20230036', 136.64),
(352, '2023-05-06', 'WZ20230036', 146.23),
(353, '2023-05-13', 'WZ20230036', 190.98),
(354, '2023-07-08', 'WZ20230036', 236.14),
(355, '2023-08-19', 'WZ20230036', 270.11),
(356, '2023-08-30', 'WZ20230036', 270.11),
(357, '2023-10-08', 'WZ20230036', 302.88),
(358, '2023-10-10', 'WZ20230036', 352.59),
(359, '2023-10-25', 'WZ20230036', 352.59),
(360, '2023-11-15', 'WZ20230036', 372.81),
(361, '2023-03-17', 'WZ20230037', 0.00),
(362, '2023-04-09', 'WZ20230037', 9.00),
(363, '2023-05-06', 'WZ20230037', 9.00),
(364, '2023-05-20', 'WZ20230037', 57.46),
(365, '2023-05-23', 'WZ20230037', 100.10),
(366, '2023-05-31', 'WZ20230037', 143.61),
(367, '2023-06-11', 'WZ20230037', 143.61),
(368, '2023-09-27', 'WZ20230037', 168.81),
(369, '2023-10-16', 'WZ20230037', 172.85),
(370, '2023-10-23', 'WZ20230037', 195.84),
(371, '2023-01-30', 'WZ20230038', 45.40),
(372, '2023-03-22', 'WZ20230038', 78.55),
(373, '2023-05-19', 'WZ20230038', 97.37),
(374, '2023-10-07', 'WZ20230038', 104.98),
(375, '2023-12-09', 'WZ20230038', 151.66),
(376, '2023-01-10', 'WZ20230039', 48.58),
(377, '2023-01-15', 'WZ20230039', 86.70),
(378, '2023-01-20', 'WZ20230039', 94.01),
(379, '2023-04-07', 'WZ20230039', 142.05),
(380, '2023-04-29', 'WZ20230039', 154.24),
(381, '2023-06-22', 'WZ20230039', 154.24),
(382, '2023-07-05', 'WZ20230039', 154.24),
(383, '2023-08-13', 'WZ20230039', 175.86),
(384, '2023-08-19', 'WZ20230039', 201.48),
(385, '2023-09-15', 'WZ20230039', 208.48),
(386, '2023-11-11', 'WZ20230039', 235.26),
(387, '2023-01-17', 'WZ20230040', 43.98),
(388, '2023-02-04', 'WZ20230040', 55.78),
(389, '2023-04-10', 'WZ20230040', 105.66),
(390, '2023-04-13', 'WZ20230040', 105.66),
(391, '2023-05-16', 'WZ20230040', 105.66),
(392, '2023-05-22', 'WZ20230040', 128.25),
(393, '2023-05-29', 'WZ20230040', 137.40),
(394, '2023-06-21', 'WZ20230040', 137.40),
(395, '2023-09-13', 'WZ20230040', 137.40),
(396, '2023-09-16', 'WZ20230040', 172.36),
(397, '2023-10-01', 'WZ20230040', 194.14),
(398, '2023-02-04', 'WZ20230041', 47.57),
(399, '2023-03-09', 'WZ20230041', 47.57),
(400, '2023-03-19', 'WZ20230041', 47.57),
(401, '2023-04-19', 'WZ20230041', 57.65),
(402, '2023-05-05', 'WZ20230041', 74.86),
(403, '2023-05-26', 'WZ20230041', 74.86),
(404, '2023-06-12', 'WZ20230041', 108.88),
(405, '2023-06-22', 'WZ20230041', 142.04),
(406, '2023-07-22', 'WZ20230041', 182.69),
(407, '2023-09-02', 'WZ20230041', 186.26),
(408, '2023-10-15', 'WZ20230041', 210.22),
(409, '2023-10-24', 'WZ20230041', 210.22),
(410, '2023-12-13', 'WZ20230041', 237.22),
(411, '2023-12-30', 'WZ20230041', 241.11),
(412, '2023-02-25', 'WZ20230042', 0.00),
(413, '2023-03-18', 'WZ20230042', 13.01),
(414, '2023-06-21', 'WZ20230042', 19.12),
(415, '2023-07-24', 'WZ20230042', 61.24),
(416, '2023-08-31', 'WZ20230042', 71.71),
(417, '2023-04-14', 'WZ20230043', 0.00),
(418, '2023-04-20', 'WZ20230043', 20.58),
(419, '2023-05-15', 'WZ20230043', 39.39),
(420, '2023-05-25', 'WZ20230043', 81.05),
(421, '2023-06-06', 'WZ20230043', 125.51),
(422, '2023-07-21', 'WZ20230043', 125.51),
(423, '2023-10-25', 'WZ20230043', 163.49),
(424, '2023-12-19', 'WZ20230043', 163.49),
(425, '2023-01-19', 'WZ20230044', 9.19),
(426, '2023-02-07', 'WZ20230044', 19.86),
(427, '2023-02-16', 'WZ20230044', 47.99),
(428, '2023-03-28', 'WZ20230044', 66.79),
(429, '2023-04-19', 'WZ20230044', 110.15),
(430, '2023-06-01', 'WZ20230044', 110.15),
(431, '2023-06-13', 'WZ20230044', 125.65),
(432, '2023-07-05', 'WZ20230044', 168.30),
(433, '2023-07-31', 'WZ20230044', 173.72),
(434, '2023-11-14', 'WZ20230044', 173.72),
(435, '2023-11-24', 'WZ20230044', 203.57),
(436, '2023-12-01', 'WZ20230044', 217.67),
(437, '2023-12-26', 'WZ20230044', 264.62),
(438, '2023-12-30', 'WZ20230044', 302.15),
(439, '2023-01-01', 'WZ20230045', 38.60),
(440, '2023-01-09', 'WZ20230045', 88.16),
(441, '2023-02-28', 'WZ20230045', 118.10),
(442, '2023-03-06', 'WZ20230045', 119.16),
(443, '2023-04-06', 'WZ20230045', 165.14),
(444, '2023-04-07', 'WZ20230045', 165.14),
(445, '2023-05-19', 'WZ20230045', 195.06),
(446, '2023-06-14', 'WZ20230045', 242.00),
(447, '2023-06-16', 'WZ20230045', 242.00),
(448, '2023-09-09', 'WZ20230045', 249.98),
(449, '2023-09-13', 'WZ20230045', 267.05),
(450, '2023-09-15', 'WZ20230045', 313.77),
(451, '2023-10-03', 'WZ20230045', 319.43),
(452, '2023-10-19', 'WZ20230045', 343.67),
(453, '2023-11-22', 'WZ20230045', 386.22),
(454, '2023-11-28', 'WZ20230045', 416.20),
(455, '2023-12-26', 'WZ20230045', 457.68),
(456, '2023-02-14', 'WZ20230046', 11.29),
(457, '2023-06-11', 'WZ20230046', 47.14),
(458, '2023-06-22', 'WZ20230046', 47.14),
(459, '2023-09-12', 'WZ20230046', 84.81),
(460, '2023-09-22', 'WZ20230046', 114.37),
(461, '2023-10-25', 'WZ20230046', 145.68),
(462, '2023-02-09', 'WZ20230047', 47.95),
(463, '2023-02-13', 'WZ20230047', 97.74),
(464, '2023-02-26', 'WZ20230047', 102.52),
(465, '2023-03-06', 'WZ20230047', 138.82),
(466, '2023-03-10', 'WZ20230047', 179.11),
(467, '2023-07-20', 'WZ20230047', 196.26),
(468, '2023-08-24', 'WZ20230047', 196.26),
(469, '2023-01-09', 'WZ20230048', 36.38),
(470, '2023-01-27', 'WZ20230048', 71.28),
(471, '2023-03-20', 'WZ20230048', 71.28),
(472, '2023-04-19', 'WZ20230048', 107.29),
(473, '2023-07-06', 'WZ20230048', 152.34),
(474, '2023-09-01', 'WZ20230048', 197.26),
(475, '2023-10-18', 'WZ20230048', 197.26),
(476, '2023-12-23', 'WZ20230048', 197.26),
(477, '2023-12-25', 'WZ20230048', 204.24),
(478, '2023-02-20', 'WZ20230049', 47.58),
(479, '2023-03-12', 'WZ20230049', 64.02),
(480, '2023-06-26', 'WZ20230049', 66.97),
(481, '2023-06-28', 'WZ20230049', 99.23),
(482, '2023-09-27', 'WZ20230049', 125.95),
(483, '2023-02-04', 'WZ20230050', 27.80),
(484, '2023-02-19', 'WZ20230050', 27.80),
(485, '2023-03-30', 'WZ20230050', 59.11),
(486, '2023-06-25', 'WZ20230050', 59.11),
(487, '2023-06-27', 'WZ20230050', 89.08),
(488, '2023-08-28', 'WZ20230050', 119.25),
(489, '2023-09-07', 'WZ20230050', 119.25),
(490, '2023-10-02', 'WZ20230050', 134.37),
(491, '2023-10-03', 'WZ20230050', 158.50),
(492, '2023-11-29', 'WZ20230050', 162.79),
(493, '2023-12-03', 'WZ20230050', 206.63);

-- --------------------------------------------------------

--
-- Table structure for table `inventory_transaction`
--

CREATE TABLE `inventory_transaction` (
  `transaction_id` varchar(25) NOT NULL,
  `material_id` varchar(25) DEFAULT NULL,
  `transaction_type` enum('IN','OUT','TRANSFER','SCRAP') DEFAULT NULL,
  `quantity` decimal(10,2) DEFAULT NULL,
  `transaction_date` datetime DEFAULT NULL,
  `reference_number` varchar(25) DEFAULT NULL,
  `user_id` varchar(25) DEFAULT NULL,
  `notes` text DEFAULT NULL
) ENGINE=InnoDB DEFAULT CHARSET=utf8mb4 COLLATE=utf8mb4_general_ci;

--
-- Dumping data for table `inventory_transaction`
--

INSERT INTO `inventory_transaction` (`transaction_id`, `material_id`, `transaction_type`, `quantity`, `transaction_date`, `reference_number`, `user_id`, `notes`) VALUES
('TR2023010100052', 'WZ20230045', 'SCRAP', -38.60, '2023-01-01 00:00:00', NULL, 'USER0006', NULL),
('TR2023010100089', 'WZ20230019', 'TRANSFER', 49.37, '2023-01-01 00:00:00', NULL, 'USER0007', NULL),
('TR2023010100329', 'WZ20230027', 'TRANSFER', 41.00, '2023-01-01 00:00:00', NULL, 'USER0003', NULL),
('TR2023010300499', 'WZ20230030', 'IN', 28.19, '2023-01-03 00:00:00', 'PO202309290089', 'USER0008', 'Industry everybody from minute hand which.'),
('TR2023010400108', 'WZ20230015', 'TRANSFER', 45.35, '2023-01-04 00:00:00', NULL, 'USER0011', NULL),
('TR2023010500048', 'WZ20230024', 'OUT', -21.64, '2023-01-05 00:00:00', NULL, 'USER0008', NULL),
('TR2023010600346', 'WZ20230020', 'TRANSFER', 15.06, '2023-01-06 00:00:00', NULL, 'USER0011', 'Through week most computer radio exist population.'),
('TR2023010600420', 'WZ20230004', 'IN', 15.01, '2023-01-06 00:00:00', 'PO202303220090', 'USER0009', NULL),
('TR2023010700276', 'WZ20230030', 'OUT', -11.34, '2023-01-07 00:00:00', NULL, 'USER0013', NULL),
('TR2023010800020', 'WZ20230004', 'TRANSFER', 11.21, '2023-01-08 00:00:00', NULL, 'USER0010', NULL),
('TR2023010800222', 'WZ20230010', 'IN', 35.17, '2023-01-08 00:00:00', 'PO202301290027', 'USER0015', NULL),
('TR2023010900283', 'WZ20230045', 'OUT', -49.56, '2023-01-09 00:00:00', NULL, 'USER0011', NULL),
('TR2023010900344', 'WZ20230048', 'IN', 36.38, '2023-01-09 00:00:00', 'PO202305180097', 'USER0003', NULL),
('TR2023011000164', 'WZ20230018', 'IN', 10.65, '2023-01-10 00:00:00', 'PO202304140051', 'USER0011', NULL),
('TR2023011000290', 'WZ20230039', 'SCRAP', -48.58, '2023-01-10 00:00:00', NULL, 'USER0002', NULL),
('TR2023011100384', 'WZ20230026', 'TRANSFER', 40.79, '2023-01-11 00:00:00', NULL, 'USER0010', NULL),
('TR2023011300112', 'WZ20230003', 'TRANSFER', 14.83, '2023-01-13 00:00:00', NULL, 'USER0007', 'Kid then almost put ground senior.'),
('TR2023011400195', 'WZ20230005', 'IN', 37.38, '2023-01-14 00:00:00', 'PO202308010088', 'USER0011', 'War part maybe especially option.'),
('TR2023011400335', 'WZ20230023', 'OUT', -24.32, '2023-01-14 00:00:00', NULL, 'USER0010', NULL),
('TR2023011500375', 'WZ20230039', 'IN', 38.12, '2023-01-15 00:00:00', 'PO202303310062', 'USER0005', NULL),
('TR2023011700270', 'WZ20230040', 'OUT', -43.98, '2023-01-17 00:00:00', NULL, 'USER0015', 'Human political administration management.'),
('TR2023011700489', 'WZ20230020', 'OUT', -30.25, '2023-01-17 00:00:00', NULL, 'USER0013', 'Design produce ability require six available back.'),
('TR2023011900073', 'WZ20230016', 'IN', 20.29, '2023-01-19 00:00:00', 'PO202301190003', 'USER0002', NULL),
('TR2023011900446', 'WZ20230044', 'SCRAP', -9.19, '2023-01-19 00:00:00', NULL, 'USER0009', NULL),
('TR2023012000161', 'WZ20230039', 'OUT', -7.31, '2023-01-20 00:00:00', NULL, 'USER0010', NULL),
('TR2023012100102', 'WZ20230017', 'OUT', -39.19, '2023-01-21 00:00:00', NULL, 'USER0012', 'Hour least enough throughout would alone.'),
('TR2023012100401', 'WZ20230025', 'SCRAP', -22.48, '2023-01-21 00:00:00', NULL, 'USER0007', NULL),
('TR2023012200160', 'WZ20230018', 'SCRAP', -15.31, '2023-01-22 00:00:00', NULL, 'USER0001', NULL),
('TR2023012300071', 'WZ20230021', 'OUT', -6.76, '2023-01-23 00:00:00', NULL, 'USER0010', 'Rise good statement reflect school.'),
('TR2023012400176', 'WZ20230020', 'SCRAP', -32.22, '2023-01-24 00:00:00', NULL, 'USER0002', 'Medical under fly network travel.'),
('TR2023012400326', 'WZ20230003', 'OUT', -32.48, '2023-01-24 00:00:00', NULL, 'USER0007', 'Concern know line pull company yourself often.'),
('TR2023012500076', 'WZ20230009', 'TRANSFER', 47.80, '2023-01-25 00:00:00', NULL, 'USER0006', NULL),
('TR2023012600363', 'WZ20230026', 'OUT', -20.16, '2023-01-26 00:00:00', NULL, 'USER0002', NULL),
('TR2023012700296', 'WZ20230048', 'SCRAP', -34.90, '2023-01-27 00:00:00', NULL, 'USER0005', 'Prove safe first grow goal world might.'),
('TR2023012700392', 'WZ20230035', 'TRANSFER', 10.16, '2023-01-27 00:00:00', NULL, 'USER0002', NULL),
('TR2023012800265', 'WZ20230027', 'SCRAP', -49.93, '2023-01-28 00:00:00', NULL, 'USER0007', 'Country give process upon should art.'),
('TR2023012900026', 'WZ20230001', 'SCRAP', -5.49, '2023-01-29 00:00:00', NULL, 'USER0006', NULL),
('TR2023013000098', 'WZ20230038', 'IN', 45.40, '2023-01-30 00:00:00', 'PO202301170004', 'USER0006', NULL),
('TR2023013000254', 'WZ20230029', 'SCRAP', -6.61, '2023-01-30 00:00:00', NULL, 'USER0003', NULL),
('TR2023013000453', 'WZ20230008', 'OUT', -2.51, '2023-01-30 00:00:00', NULL, 'USER0002', 'Today simply per operation vote professional particularly.'),
('TR2023020100210', 'WZ20230028', 'TRANSFER', 41.52, '2023-02-01 00:00:00', NULL, 'USER0004', NULL),
('TR2023020100311', 'WZ20230008', 'SCRAP', -42.10, '2023-02-01 00:00:00', NULL, 'USER0005', NULL),
('TR2023020100317', 'WZ20230005', 'OUT', -24.58, '2023-02-01 00:00:00', NULL, 'USER0012', NULL),
('TR2023020200302', 'WZ20230035', 'TRANSFER', 5.00, '2023-02-02 00:00:00', NULL, 'USER0001', NULL),
('TR2023020400038', 'WZ20230040', 'IN', 11.80, '2023-02-04 00:00:00', 'PO202308010088', 'USER0013', NULL),
('TR2023020400050', 'WZ20230013', 'TRANSFER', 10.12, '2023-02-04 00:00:00', NULL, 'USER0005', NULL),
('TR2023020400094', 'WZ20230050', 'OUT', -27.80, '2023-02-04 00:00:00', NULL, 'USER0002', 'Speak president onto.'),
('TR2023020400156', 'WZ20230041', 'IN', 47.57, '2023-02-04 00:00:00', 'PO202306080099', 'USER0011', NULL),
('TR2023020400263', 'WZ20230009', 'OUT', -17.36, '2023-02-04 00:00:00', NULL, 'USER0013', NULL),
('TR2023020500389', 'WZ20230035', 'TRANSFER', 6.76, '2023-02-05 00:00:00', NULL, 'USER0014', NULL),
('TR2023020500403', 'WZ20230023', 'TRANSFER', 26.43, '2023-02-05 00:00:00', NULL, 'USER0008', NULL),
('TR2023020600319', 'WZ20230001', 'IN', 37.60, '2023-02-06 00:00:00', 'PO202312280044', 'USER0004', NULL),
('TR2023020700442', 'WZ20230012', 'SCRAP', -37.57, '2023-02-07 00:00:00', NULL, 'USER0003', NULL),
('TR2023020700460', 'WZ20230044', 'OUT', -10.67, '2023-02-07 00:00:00', NULL, 'USER0005', 'Or mother to whole at leg build.'),
('TR2023020800258', 'WZ20230016', 'OUT', -19.22, '2023-02-08 00:00:00', NULL, 'USER0002', NULL),
('TR2023020900106', 'WZ20230005', 'TRANSFER', 27.36, '2023-02-09 00:00:00', NULL, 'USER0005', 'Skill little civil body throw.'),
('TR2023020900417', 'WZ20230047', 'OUT', -47.95, '2023-02-09 00:00:00', NULL, 'USER0006', 'Thing difference them necessary admit.'),
('TR2023021100091', 'WZ20230036', 'SCRAP', -24.96, '2023-02-11 00:00:00', NULL, 'USER0003', NULL),
('TR2023021100154', 'WZ20230034', 'OUT', -37.35, '2023-02-11 00:00:00', NULL, 'USER0010', 'Our knowledge page little.'),
('TR2023021100395', 'WZ20230003', 'SCRAP', -22.99, '2023-02-11 00:00:00', NULL, 'USER0001', 'Technology move analysis first her political wrong.'),
('TR2023021300128', 'WZ20230047', 'OUT', -49.79, '2023-02-13 00:00:00', NULL, 'USER0007', 'Study for at indeed last.'),
('TR2023021300174', 'WZ20230029', 'SCRAP', -4.28, '2023-02-13 00:00:00', NULL, 'USER0002', NULL),
('TR2023021400461', 'WZ20230046', 'SCRAP', -11.29, '2023-02-14 00:00:00', NULL, 'USER0002', 'Physical throw keep kind.'),
('TR2023021500487', 'WZ20230002', 'IN', 48.03, '2023-02-15 00:00:00', 'PO202310090005', 'USER0007', 'Party skin than item example anything.'),
('TR2023021600170', 'WZ20230044', 'OUT', -28.13, '2023-02-16 00:00:00', NULL, 'USER0005', NULL),
('TR2023021600293', 'WZ20230026', 'IN', 30.90, '2023-02-16 00:00:00', 'PO202304230035', 'USER0010', NULL),
('TR2023021700238', 'WZ20230035', 'IN', 25.16, '2023-02-17 00:00:00', 'PO202310290009', 'USER0010', NULL),
('TR2023021700434', 'WZ20230029', 'SCRAP', -5.79, '2023-02-17 00:00:00', NULL, 'USER0001', 'Far officer chance stand base official always hold.'),
('TR2023021900001', 'WZ20230022', 'OUT', -30.93, '2023-02-19 00:00:00', NULL, 'USER0012', NULL),
('TR2023021900466', 'WZ20230050', 'TRANSFER', 29.17, '2023-02-19 00:00:00', NULL, 'USER0003', NULL),
('TR2023022000057', 'WZ20230049', 'IN', 47.58, '2023-02-20 00:00:00', 'PO202306050006', 'USER0004', NULL),
('TR2023022100316', 'WZ20230011', 'SCRAP', -5.24, '2023-02-21 00:00:00', NULL, 'USER0006', NULL),
('TR2023022400387', 'WZ20230026', 'OUT', -24.34, '2023-02-24 00:00:00', NULL, 'USER0007', 'Example and ten another similar record simple.'),
('TR2023022500046', 'WZ20230042', 'TRANSFER', 18.37, '2023-02-25 00:00:00', NULL, 'USER0011', 'Gun show agreement success seven degree yard sometimes.'),
('TR2023022500235', 'WZ20230031', 'SCRAP', -31.25, '2023-02-25 00:00:00', NULL, 'USER0013', 'Management speak story reach include.'),
('TR2023022600166', 'WZ20230036', 'OUT', -24.13, '2023-02-26 00:00:00', NULL, 'USER0007', NULL),
('TR2023022600193', 'WZ20230047', 'OUT', -4.78, '2023-02-26 00:00:00', NULL, 'USER0012', 'Report police above seat.'),
('TR2023022700136', 'WZ20230002', 'TRANSFER', 28.45, '2023-02-27 00:00:00', NULL, 'USER0007', NULL),
('TR2023022700291', 'WZ20230011', 'OUT', -29.17, '2023-02-27 00:00:00', NULL, 'USER0006', NULL),
('TR2023022800180', 'WZ20230028', 'TRANSFER', 39.84, '2023-02-28 00:00:00', NULL, 'USER0009', NULL),
('TR2023022800357', 'WZ20230045', 'OUT', -29.94, '2023-02-28 00:00:00', NULL, 'USER0014', NULL),
('TR2023030100045', 'WZ20230009', 'TRANSFER', 44.83, '2023-03-01 00:00:00', NULL, 'USER0003', NULL),
('TR2023030100082', 'WZ20230026', 'TRANSFER', 10.93, '2023-03-01 00:00:00', NULL, 'USER0007', NULL),
('TR2023030200394', 'WZ20230019', 'OUT', -20.28, '2023-03-02 00:00:00', NULL, 'USER0005', 'Keep them line much conference certainly today people.'),
('TR2023030400196', 'WZ20230001', 'IN', 21.01, '2023-03-04 00:00:00', 'PO202303310062', 'USER0002', 'Story treatment moment event whole control debate.'),
('TR2023030500095', 'WZ20230027', 'OUT', -26.14, '2023-03-05 00:00:00', NULL, 'USER0002', NULL),
('TR2023030500361', 'WZ20230015', 'IN', 20.47, '2023-03-05 00:00:00', 'PO202309100049', 'USER0011', 'Film moment method since per.'),
('TR2023030600134', 'WZ20230045', 'IN', 1.06, '2023-03-06 00:00:00', 'PO202311250018', 'USER0012', NULL),
('TR2023030600140', 'WZ20230013', 'TRANSFER', 45.75, '2023-03-06 00:00:00', NULL, 'USER0004', NULL),
('TR2023030600221', 'WZ20230047', 'OUT', -36.30, '2023-03-06 00:00:00', NULL, 'USER0002', 'Generation leave whose worry.'),
('TR2023030600320', 'WZ20230029', 'TRANSFER', 15.23, '2023-03-06 00:00:00', NULL, 'USER0010', 'Song act play carry discover.'),
('TR2023030800018', 'WZ20230009', 'IN', 6.48, '2023-03-08 00:00:00', 'PO202308170042', 'USER0008', NULL),
('TR2023030800025', 'WZ20230027', 'IN', 26.43, '2023-03-08 00:00:00', 'PO202303120058', 'USER0006', NULL),
('TR2023030800261', 'WZ20230035', 'OUT', -31.74, '2023-03-08 00:00:00', NULL, 'USER0005', NULL),
('TR2023030800268', 'WZ20230022', 'TRANSFER', 23.38, '2023-03-08 00:00:00', NULL, 'USER0009', 'Mission great guess care speak child.'),
('TR2023030800493', 'WZ20230010', 'OUT', -43.88, '2023-03-08 00:00:00', NULL, 'USER0010', NULL),
('TR2023030900114', 'WZ20230041', 'TRANSFER', 32.24, '2023-03-09 00:00:00', NULL, 'USER0005', NULL),
('TR2023031000167', 'WZ20230047', 'OUT', -40.29, '2023-03-10 00:00:00', NULL, 'USER0015', NULL),
('TR2023031200065', 'WZ20230006', 'OUT', -20.80, '2023-03-12 00:00:00', NULL, 'USER0015', NULL),
('TR2023031200192', 'WZ20230034', 'TRANSFER', 25.03, '2023-03-12 00:00:00', NULL, 'USER0004', NULL),
('TR2023031200224', 'WZ20230049', 'IN', 16.44, '2023-03-12 00:00:00', 'PO202303020012', 'USER0003', NULL),
('TR2023031200331', 'WZ20230017', 'TRANSFER', 5.85, '2023-03-12 00:00:00', NULL, 'USER0003', 'Page drop camera these include.'),
('TR2023031200354', 'WZ20230006', 'IN', 11.56, '2023-03-12 00:00:00', 'PO202306240100', 'USER0014', 'Provide write free entire fall.'),
('TR2023031200378', 'WZ20230022', 'TRANSFER', 2.83, '2023-03-12 00:00:00', NULL, 'USER0013', 'Safe scientist tend try board.'),
('TR2023031300024', 'WZ20230027', 'SCRAP', -30.16, '2023-03-13 00:00:00', NULL, 'USER0012', NULL),
('TR2023031300242', 'WZ20230036', 'IN', 29.61, '2023-03-13 00:00:00', 'PO202305010096', 'USER0009', 'Follow goal rest magazine building eye.'),
('TR2023031300488', 'WZ20230017', 'OUT', -28.35, '2023-03-13 00:00:00', NULL, 'USER0010', NULL),
('TR2023031400079', 'WZ20230024', 'SCRAP', -9.91, '2023-03-14 00:00:00', NULL, 'USER0005', 'Seven letter light media fine official store.'),
('TR2023031500260', 'WZ20230027', 'OUT', -32.77, '2023-03-15 00:00:00', NULL, 'USER0015', NULL),
('TR2023031700029', 'WZ20230009', 'TRANSFER', 34.89, '2023-03-17 00:00:00', NULL, 'USER0009', NULL),
('TR2023031700206', 'WZ20230037', 'TRANSFER', 45.67, '2023-03-17 00:00:00', NULL, 'USER0011', NULL),
('TR2023031700225', 'WZ20230035', 'SCRAP', -31.70, '2023-03-17 00:00:00', NULL, 'USER0001', NULL),
('TR2023031800074', 'WZ20230042', 'OUT', -13.01, '2023-03-18 00:00:00', NULL, 'USER0002', NULL),
('TR2023031800124', 'WZ20230006', 'IN', 17.06, '2023-03-18 00:00:00', 'PO202309140019', 'USER0009', 'Perform mother when church.'),
('TR2023031800467', 'WZ20230014', 'IN', 47.51, '2023-03-18 00:00:00', 'PO202306250067', 'USER0002', NULL),
('TR2023031900041', 'WZ20230016', 'SCRAP', -5.85, '2023-03-19 00:00:00', NULL, 'USER0003', NULL),
('TR2023031900115', 'WZ20230041', 'TRANSFER', 2.19, '2023-03-19 00:00:00', NULL, 'USER0005', NULL),
('TR2023032000173', 'WZ20230048', 'TRANSFER', 11.22, '2023-03-20 00:00:00', NULL, 'USER0012', NULL),
('TR2023032000318', 'WZ20230018', 'SCRAP', -40.55, '2023-03-20 00:00:00', NULL, 'USER0004', 'Majority activity network just.'),
('TR2023032200066', 'WZ20230014', 'SCRAP', -26.57, '2023-03-22 00:00:00', NULL, 'USER0002', 'Between drop short begin continue past.'),
('TR2023032200104', 'WZ20230022', 'TRANSFER', 38.91, '2023-03-22 00:00:00', NULL, 'USER0010', NULL),
('TR2023032200495', 'WZ20230038', 'SCRAP', -33.15, '2023-03-22 00:00:00', NULL, 'USER0007', NULL),
('TR2023032600035', 'WZ20230015', 'IN', 7.74, '2023-03-26 00:00:00', 'PO202310120010', 'USER0001', NULL),
('TR2023032600362', 'WZ20230013', 'IN', 34.71, '2023-03-26 00:00:00', 'PO202306240100', 'USER0013', 'Social blood as black.'),
('TR2023032800034', 'WZ20230044', 'SCRAP', -18.80, '2023-03-28 00:00:00', NULL, 'USER0015', 'Control dream sort situation entire.'),
('TR2023032800123', 'WZ20230012', 'SCRAP', -10.07, '2023-03-28 00:00:00', NULL, 'USER0015', NULL),
('TR2023032800244', 'WZ20230020', 'TRANSFER', 34.42, '2023-03-28 00:00:00', NULL, 'USER0010', NULL),
('TR2023032800479', 'WZ20230020', 'IN', 40.75, '2023-03-28 00:00:00', 'PO202301120001', 'USER0001', 'Gun him dog different eight she.'),
('TR2023033000172', 'WZ20230050', 'SCRAP', -31.31, '2023-03-30 00:00:00', NULL, 'USER0014', NULL),
('TR2023033000433', 'WZ20230019', 'OUT', -3.58, '2023-03-30 00:00:00', NULL, 'USER0013', NULL),
('TR2023040100454', 'WZ20230001', 'IN', 48.70, '2023-04-01 00:00:00', 'PO202302020077', 'USER0007', 'Treat night movement stage.'),
('TR2023040300183', 'WZ20230022', 'OUT', -25.92, '2023-04-03 00:00:00', NULL, 'USER0009', NULL),
('TR2023040300203', 'WZ20230002', 'TRANSFER', 20.16, '2023-04-03 00:00:00', NULL, 'USER0006', NULL),
('TR2023040300205', 'WZ20230005', 'OUT', -37.17, '2023-04-03 00:00:00', NULL, 'USER0011', NULL),
('TR2023040400039', 'WZ20230024', 'OUT', -16.73, '2023-04-04 00:00:00', NULL, 'USER0009', NULL),
('TR2023040600491', 'WZ20230045', 'OUT', -45.98, '2023-04-06 00:00:00', NULL, 'USER0012', NULL),
('TR2023040700033', 'WZ20230039', 'IN', 48.04, '2023-04-07 00:00:00', 'PO202307300037', 'USER0003', NULL),
('TR2023040700226', 'WZ20230020', 'TRANSFER', 46.67, '2023-04-07 00:00:00', NULL, 'USER0007', NULL),
('TR2023040700349', 'WZ20230033', 'TRANSFER', 38.54, '2023-04-07 00:00:00', NULL, 'USER0009', NULL),
('TR2023040700405', 'WZ20230045', 'TRANSFER', 29.46, '2023-04-07 00:00:00', NULL, 'USER0006', NULL),
('TR2023040900455', 'WZ20230037', 'SCRAP', -9.00, '2023-04-09 00:00:00', NULL, 'USER0006', NULL),
('TR2023040900490', 'WZ20230035', 'SCRAP', -26.18, '2023-04-09 00:00:00', NULL, 'USER0002', NULL),
('TR2023041000324', 'WZ20230040', 'OUT', -49.88, '2023-04-10 00:00:00', NULL, 'USER0013', 'Better yard suddenly seek ability.'),
('TR2023041000432', 'WZ20230010', 'IN', 26.35, '2023-04-10 00:00:00', 'PO202304140051', 'USER0001', NULL),
('TR2023041200303', 'WZ20230008', 'TRANSFER', 40.79, '2023-04-12 00:00:00', NULL, 'USER0006', 'Trade sign base prove civil none model.'),
('TR2023041200309', 'WZ20230035', 'IN', 46.91, '2023-04-12 00:00:00', 'PO202307190073', 'USER0013', NULL),
('TR2023041300072', 'WZ20230040', 'TRANSFER', 35.70, '2023-04-13 00:00:00', NULL, 'USER0006', 'Answer community small building campaign national.'),
('TR2023041300343', 'WZ20230008', 'OUT', -37.04, '2023-04-13 00:00:00', NULL, 'USER0015', NULL),
('TR2023041300463', 'WZ20230020', 'TRANSFER', 9.12, '2023-04-13 00:00:00', NULL, 'USER0009', 'Tend natural affect side could yeah financial live.'),
('TR2023041400022', 'WZ20230043', 'TRANSFER', 34.99, '2023-04-14 00:00:00', NULL, 'USER0005', NULL),
('TR2023041400075', 'WZ20230030', 'SCRAP', -16.14, '2023-04-14 00:00:00', NULL, 'USER0001', NULL),
('TR2023041500132', 'WZ20230036', 'IN', 14.86, '2023-04-15 00:00:00', 'PO202306080099', 'USER0005', NULL),
('TR2023041800223', 'WZ20230030', 'IN', 22.17, '2023-04-18 00:00:00', 'PO202304140051', 'USER0002', NULL),
('TR2023041800381', 'WZ20230014', 'SCRAP', -2.75, '2023-04-18 00:00:00', NULL, 'USER0006', NULL),
('TR2023041900015', 'WZ20230048', 'IN', 36.01, '2023-04-19 00:00:00', 'PO202309050026', 'USER0011', NULL),
('TR2023041900019', 'WZ20230041', 'IN', 10.08, '2023-04-19 00:00:00', 'PO202303310062', 'USER0006', NULL),
('TR2023041900249', 'WZ20230044', 'OUT', -43.36, '2023-04-19 00:00:00', NULL, 'USER0014', NULL),
('TR2023042000328', 'WZ20230043', 'OUT', -20.58, '2023-04-20 00:00:00', NULL, 'USER0009', NULL),
('TR2023042100201', 'WZ20230019', 'IN', 27.43, '2023-04-21 00:00:00', 'PO202301290027', 'USER0014', NULL),
('TR2023042300119', 'WZ20230006', 'TRANSFER', 41.62, '2023-04-23 00:00:00', NULL, 'USER0004', 'Forward brother process itself market.'),
('TR2023042400068', 'WZ20230014', 'SCRAP', -29.12, '2023-04-24 00:00:00', NULL, 'USER0010', 'Miss film fly perhaps.'),
('TR2023042400252', 'WZ20230027', 'TRANSFER', 14.76, '2023-04-24 00:00:00', NULL, 'USER0001', 'Major either building up house worry.'),
('TR2023042400353', 'WZ20230026', 'TRANSFER', 44.48, '2023-04-24 00:00:00', NULL, 'USER0007', NULL),
('TR2023042500269', 'WZ20230018', 'IN', 20.55, '2023-04-25 00:00:00', 'PO202304250057', 'USER0003', 'Customer field western than.'),
('TR2023042600338', 'WZ20230007', 'OUT', -16.57, '2023-04-26 00:00:00', NULL, 'USER0006', NULL),
('TR2023042700105', 'WZ20230024', 'OUT', -48.87, '2023-04-27 00:00:00', NULL, 'USER0006', NULL),
('TR2023042900278', 'WZ20230039', 'IN', 12.19, '2023-04-29 00:00:00', 'PO202304300033', 'USER0011', 'Identify may carry owner.'),
('TR2023050100248', 'WZ20230034', 'OUT', -17.80, '2023-05-01 00:00:00', NULL, 'USER0003', NULL),
('TR2023050100412', 'WZ20230036', 'SCRAP', -43.08, '2023-05-01 00:00:00', NULL, 'USER0010', NULL),
('TR2023050100469', 'WZ20230034', 'IN', 24.56, '2023-05-01 00:00:00', 'PO202302150093', 'USER0012', NULL),
('TR2023050100474', 'WZ20230010', 'IN', 19.15, '2023-05-01 00:00:00', 'PO202312120055', 'USER0010', NULL),
('TR2023050300415', 'WZ20230029', 'OUT', -24.37, '2023-05-03 00:00:00', NULL, 'USER0010', NULL),
('TR2023050500216', 'WZ20230041', 'OUT', -17.21, '2023-05-05 00:00:00', NULL, 'USER0004', NULL),
('TR2023050600028', 'WZ20230016', 'IN', 19.74, '2023-05-06 00:00:00', 'PO202307300037', 'USER0011', 'Crime concern common place open billion.'),
('TR2023050600168', 'WZ20230036', 'SCRAP', -9.59, '2023-05-06 00:00:00', NULL, 'USER0014', NULL),
('TR2023050600215', 'WZ20230037', 'TRANSFER', 40.90, '2023-05-06 00:00:00', NULL, 'USER0005', NULL),
('TR2023050700077', 'WZ20230027', 'OUT', -29.20, '2023-05-07 00:00:00', NULL, 'USER0007', 'Rather himself understand recently mission sister.'),
('TR2023051100256', 'WZ20230034', 'TRANSFER', 12.22, '2023-05-11 00:00:00', NULL, 'USER0014', NULL),
('TR2023051200228', 'WZ20230009', 'SCRAP', -15.96, '2023-05-12 00:00:00', NULL, 'USER0001', NULL),
('TR2023051200413', 'WZ20230015', 'OUT', -40.88, '2023-05-12 00:00:00', NULL, 'USER0012', NULL),
('TR2023051300424', 'WZ20230036', 'SCRAP', -44.75, '2023-05-13 00:00:00', NULL, 'USER0002', 'Agency individual success method language during.'),
('TR2023051300430', 'WZ20230034', 'IN', 32.13, '2023-05-13 00:00:00', 'PO202301190003', 'USER0001', NULL),
('TR2023051400010', 'WZ20230030', 'TRANSFER', 12.30, '2023-05-14 00:00:00', NULL, 'USER0003', NULL),
('TR2023051400236', 'WZ20230002', 'OUT', -40.05, '2023-05-14 00:00:00', NULL, 'USER0012', NULL),
('TR2023051500036', 'WZ20230043', 'OUT', -18.81, '2023-05-15 00:00:00', NULL, 'USER0002', NULL),
('TR2023051500497', 'WZ20230007', 'IN', 1.01, '2023-05-15 00:00:00', 'PO202304300033', 'USER0008', 'Mention weight in.'),
('TR2023051600266', 'WZ20230040', 'TRANSFER', 36.28, '2023-05-16 00:00:00', NULL, 'USER0015', NULL),
('TR2023051800232', 'WZ20230015', 'IN', 4.63, '2023-05-18 00:00:00', 'PO202302050094', 'USER0010', NULL),
('TR2023051900315', 'WZ20230038', 'OUT', -18.82, '2023-05-19 00:00:00', NULL, 'USER0014', NULL),
('TR2023051900379', 'WZ20230024', 'OUT', -28.48, '2023-05-19 00:00:00', NULL, 'USER0003', 'Church big south deep light.'),
('TR2023051900492', 'WZ20230045', 'SCRAP', -29.92, '2023-05-19 00:00:00', NULL, 'USER0009', NULL),
('TR2023052000012', 'WZ20230024', 'OUT', -48.07, '2023-05-20 00:00:00', NULL, 'USER0010', NULL),
('TR2023052000013', 'WZ20230010', 'SCRAP', -36.62, '2023-05-20 00:00:00', NULL, 'USER0013', NULL),
('TR2023052000063', 'WZ20230037', 'OUT', -48.46, '2023-05-20 00:00:00', NULL, 'USER0013', NULL),
('TR2023052000097', 'WZ20230024', 'TRANSFER', 18.76, '2023-05-20 00:00:00', NULL, 'USER0012', NULL),
('TR2023052100069', 'WZ20230010', 'TRANSFER', 38.42, '2023-05-21 00:00:00', NULL, 'USER0006', 'Activity stage data chance look plant person.'),
('TR2023052100165', 'WZ20230020', 'TRANSFER', 43.09, '2023-05-21 00:00:00', NULL, 'USER0010', 'Writer site note brother sound before.'),
('TR2023052200211', 'WZ20230040', 'OUT', -22.59, '2023-05-22 00:00:00', NULL, 'USER0001', NULL),
('TR2023052200340', 'WZ20230028', 'OUT', -49.24, '2023-05-22 00:00:00', NULL, 'USER0004', NULL),
('TR2023052200444', 'WZ20230021', 'IN', 10.87, '2023-05-22 00:00:00', 'PO202306250067', 'USER0009', NULL),
('TR2023052300365', 'WZ20230037', 'SCRAP', -42.64, '2023-05-23 00:00:00', NULL, 'USER0006', NULL),
('TR2023052300440', 'WZ20230005', 'SCRAP', -2.09, '2023-05-23 00:00:00', NULL, 'USER0014', NULL),
('TR2023052400419', 'WZ20230002', 'IN', 20.75, '2023-05-24 00:00:00', 'PO202305180086', 'USER0010', NULL),
('TR2023052500049', 'WZ20230034', 'IN', 45.73, '2023-05-25 00:00:00', 'PO202301120001', 'USER0005', NULL),
('TR2023052500067', 'WZ20230043', 'OUT', -41.66, '2023-05-25 00:00:00', NULL, 'USER0003', NULL),
('TR2023052600059', 'WZ20230041', 'TRANSFER', 9.73, '2023-05-26 00:00:00', NULL, 'USER0002', NULL),
('TR2023052600110', 'WZ20230004', 'OUT', -36.81, '2023-05-26 00:00:00', NULL, 'USER0008', NULL),
('TR2023052800078', 'WZ20230035', 'TRANSFER', 25.60, '2023-05-28 00:00:00', NULL, 'USER0003', NULL),
('TR2023052800373', 'WZ20230008', 'IN', 2.67, '2023-05-28 00:00:00', 'PO202301170004', 'USER0007', NULL),
('TR2023052800462', 'WZ20230034', 'SCRAP', -28.12, '2023-05-28 00:00:00', NULL, 'USER0012', NULL),
('TR2023052800478', 'WZ20230011', 'IN', 48.10, '2023-05-28 00:00:00', 'PO202306150031', 'USER0004', NULL),
('TR2023052900148', 'WZ20230018', 'OUT', -20.37, '2023-05-29 00:00:00', NULL, 'USER0001', NULL),
('TR2023052900297', 'WZ20230027', 'TRANSFER', 12.69, '2023-05-29 00:00:00', NULL, 'USER0001', NULL),
('TR2023052900332', 'WZ20230028', 'TRANSFER', 22.12, '2023-05-29 00:00:00', NULL, 'USER0007', NULL),
('TR2023052900483', 'WZ20230040', 'SCRAP', -9.15, '2023-05-29 00:00:00', NULL, 'USER0009', NULL),
('TR2023053100060', 'WZ20230025', 'TRANSFER', 43.45, '2023-05-31 00:00:00', NULL, 'USER0003', 'Add me thousand morning data kid.'),
('TR2023053100281', 'WZ20230026', 'IN', 44.49, '2023-05-31 00:00:00', 'PO202312100061', 'USER0013', 'True current boy modern well serious.'),
('TR2023053100286', 'WZ20230037', 'OUT', -43.51, '2023-05-31 00:00:00', NULL, 'USER0008', 'Building name build chance stand.'),
('TR2023060100186', 'WZ20230027', 'IN', 6.59, '2023-06-01 00:00:00', 'PO202309010070', 'USER0011', NULL),
('TR2023060100200', 'WZ20230044', 'TRANSFER', 29.03, '2023-06-01 00:00:00', NULL, 'USER0003', NULL),
('TR2023060100322', 'WZ20230019', 'IN', 41.21, '2023-06-01 00:00:00', 'PO202306250067', 'USER0014', NULL),
('TR2023060200004', 'WZ20230029', 'OUT', -33.45, '2023-06-02 00:00:00', NULL, 'USER0013', NULL),
('TR2023060200390', 'WZ20230032', 'IN', 25.44, '2023-06-02 00:00:00', 'PO202303180050', 'USER0012', 'Political put produce within owner will tonight.'),
('TR2023060200471', 'WZ20230031', 'IN', 34.94, '2023-06-02 00:00:00', 'PO202308010088', 'USER0011', NULL),
('TR2023060400360', 'WZ20230010', 'OUT', -47.71, '2023-06-04 00:00:00', NULL, 'USER0010', 'Ahead body never forget.'),
('TR2023060500259', 'WZ20230017', 'SCRAP', -11.33, '2023-06-05 00:00:00', NULL, 'USER0010', NULL),
('TR2023060600250', 'WZ20230012', 'OUT', -19.54, '2023-06-06 00:00:00', NULL, 'USER0001', NULL),
('TR2023060600427', 'WZ20230043', 'SCRAP', -44.46, '2023-06-06 00:00:00', NULL, 'USER0004', 'He fall worry inside open.'),
('TR2023060800408', 'WZ20230025', 'SCRAP', -31.86, '2023-06-08 00:00:00', NULL, 'USER0015', NULL),
('TR2023061100043', 'WZ20230009', 'OUT', -18.66, '2023-06-11 00:00:00', NULL, 'USER0008', NULL),
('TR2023061100109', 'WZ20230012', 'IN', 8.08, '2023-06-11 00:00:00', 'PO202311300038', 'USER0004', NULL),
('TR2023061100144', 'WZ20230046', 'OUT', -35.85, '2023-06-11 00:00:00', NULL, 'USER0013', 'Whole forget war upon interview.'),
('TR2023061100367', 'WZ20230037', 'TRANSFER', 35.60, '2023-06-11 00:00:00', NULL, 'USER0007', NULL),
('TR2023061200056', 'WZ20230033', 'TRANSFER', 4.94, '2023-06-12 00:00:00', NULL, 'USER0011', NULL),
('TR2023061200314', 'WZ20230041', 'SCRAP', -34.02, '2023-06-12 00:00:00', NULL, 'USER0015', NULL),
('TR2023061300037', 'WZ20230044', 'IN', 15.50, '2023-06-13 00:00:00', 'PO202303180050', 'USER0007', 'Race girl show environmental boy nice.'),
('TR2023061300090', 'WZ20230001', 'TRANSFER', 46.97, '2023-06-13 00:00:00', NULL, 'USER0008', NULL),
('TR2023061400255', 'WZ20230045', 'OUT', -46.94, '2023-06-14 00:00:00', NULL, 'USER0009', NULL),
('TR2023061600374', 'WZ20230045', 'TRANSFER', 32.02, '2023-06-16 00:00:00', NULL, 'USER0007', NULL),
('TR2023061700131', 'WZ20230012', 'IN', 38.93, '2023-06-17 00:00:00', 'PO202303140054', 'USER0003', 'Race message head amount hot likely.'),
('TR2023061700150', 'WZ20230015', 'SCRAP', -42.43, '2023-06-17 00:00:00', NULL, 'USER0005', NULL),
('TR2023061700431', 'WZ20230017', 'SCRAP', -26.74, '2023-06-17 00:00:00', NULL, 'USER0011', 'Such between amount while claim anything.'),
('TR2023061800321', 'WZ20230016', 'OUT', -6.80, '2023-06-18 00:00:00', NULL, 'USER0014', NULL),
('TR2023062100027', 'WZ20230042', 'SCRAP', -6.11, '2023-06-21 00:00:00', NULL, 'USER0010', NULL),
('TR2023062100411', 'WZ20230040', 'TRANSFER', 33.09, '2023-06-21 00:00:00', NULL, 'USER0014', NULL),
('TR2023062100472', 'WZ20230008', 'OUT', -1.66, '2023-06-21 00:00:00', NULL, 'USER0003', NULL),
('TR2023062200107', 'WZ20230039', 'TRANSFER', 36.57, '2023-06-22 00:00:00', NULL, 'USER0002', NULL),
('TR2023062200141', 'WZ20230046', 'TRANSFER', 38.12, '2023-06-22 00:00:00', NULL, 'USER0011', NULL),
('TR2023062200233', 'WZ20230041', 'IN', 27.75, '2023-06-22 00:00:00', 'PO202301130013', 'USER0002', 'Information state cold alone heavy foot picture.'),
('TR2023062200449', 'WZ20230041', 'SCRAP', -5.41, '2023-06-22 00:00:00', NULL, 'USER0004', NULL),
('TR2023062300054', 'WZ20230002', 'OUT', -9.14, '2023-06-23 00:00:00', NULL, 'USER0010', 'Place south institution money admit thousand Mr.'),
('TR2023062500264', 'WZ20230050', 'TRANSFER', 20.75, '2023-06-25 00:00:00', NULL, 'USER0004', 'Among upon need various public decade identify.'),
('TR2023062600202', 'WZ20230049', 'IN', 2.95, '2023-06-26 00:00:00', 'PO202310010002', 'USER0011', NULL),
('TR2023062600477', 'WZ20230019', 'IN', 15.40, '2023-06-26 00:00:00', 'PO202307110079', 'USER0009', NULL),
('TR2023062700370', 'WZ20230035', 'TRANSFER', 42.75, '2023-06-27 00:00:00', NULL, 'USER0013', NULL),
('TR2023062700428', 'WZ20230050', 'OUT', -29.97, '2023-06-27 00:00:00', NULL, 'USER0007', 'Seven movie form suddenly.'),
('TR2023062800113', 'WZ20230010', 'OUT', -24.92, '2023-06-28 00:00:00', NULL, 'USER0007', 'Around within would boy budget.'),
('TR2023062800220', 'WZ20230049', 'IN', 32.26, '2023-06-28 00:00:00', 'PO202304090016', 'USER0009', NULL),
('TR2023062800368', 'WZ20230035', 'SCRAP', -30.64, '2023-06-28 00:00:00', NULL, 'USER0013', NULL),
('TR2023062900402', 'WZ20230003', 'OUT', -31.98, '2023-06-29 00:00:00', NULL, 'USER0006', NULL),
('TR2023062900421', 'WZ20230027', 'TRANSFER', 31.49, '2023-06-29 00:00:00', NULL, 'USER0002', NULL),
('TR2023063000081', 'WZ20230033', 'OUT', -27.42, '2023-06-30 00:00:00', NULL, 'USER0009', NULL),
('TR2023070200127', 'WZ20230016', 'OUT', -24.53, '2023-07-02 00:00:00', NULL, 'USER0013', NULL),
('TR2023070200307', 'WZ20230006', 'TRANSFER', 16.17, '2023-07-02 00:00:00', NULL, 'USER0011', 'Listen no claim manager simple teach pass.'),
('TR2023070300279', 'WZ20230020', 'TRANSFER', 47.07, '2023-07-03 00:00:00', NULL, 'USER0009', NULL),
('TR2023070300334', 'WZ20230034', 'TRANSFER', 5.31, '2023-07-03 00:00:00', NULL, 'USER0006', NULL),
('TR2023070500118', 'WZ20230039', 'TRANSFER', 35.67, '2023-07-05 00:00:00', NULL, 'USER0009', NULL),
('TR2023070500182', 'WZ20230007', 'TRANSFER', 23.28, '2023-07-05 00:00:00', NULL, 'USER0007', NULL),
('TR2023070500274', 'WZ20230044', 'SCRAP', -42.65, '2023-07-05 00:00:00', NULL, 'USER0010', NULL),
('TR2023070600138', 'WZ20230017', 'IN', 46.56, '2023-07-06 00:00:00', 'PO202311170040', 'USER0011', NULL),
('TR2023070600197', 'WZ20230048', 'SCRAP', -45.05, '2023-07-06 00:00:00', NULL, 'USER0005', NULL),
('TR2023070600441', 'WZ20230029', 'IN', 49.35, '2023-07-06 00:00:00', 'PO202303180050', 'USER0014', NULL),
('TR2023070800152', 'WZ20230035', 'SCRAP', -32.52, '2023-07-08 00:00:00', NULL, 'USER0004', 'Fire rock certain resource.'),
('TR2023070800294', 'WZ20230036', 'IN', 45.16, '2023-07-08 00:00:00', 'PO202312240081', 'USER0012', NULL),
('TR2023070900342', 'WZ20230023', 'IN', 14.77, '2023-07-09 00:00:00', 'PO202312290029', 'USER0007', 'Law expert service than high.'),
('TR2023071000218', 'WZ20230030', 'TRANSFER', 32.43, '2023-07-10 00:00:00', NULL, 'USER0014', NULL),
('TR2023071100247', 'WZ20230031', 'OUT', -21.50, '2023-07-11 00:00:00', NULL, 'USER0001', 'Six opportunity world.'),
('TR2023071200135', 'WZ20230030', 'OUT', -17.74, '2023-07-12 00:00:00', NULL, 'USER0003', NULL),
('TR2023071400199', 'WZ20230034', 'OUT', -29.26, '2023-07-14 00:00:00', NULL, 'USER0003', NULL),
('TR2023071400282', 'WZ20230016', 'TRANSFER', 41.48, '2023-07-14 00:00:00', NULL, 'USER0004', NULL),
('TR2023071500145', 'WZ20230013', 'IN', 34.53, '2023-07-15 00:00:00', 'PO202308110098', 'USER0006', 'Conference identify moment plant mind teacher.'),
('TR2023071700047', 'WZ20230025', 'OUT', -42.85, '2023-07-17 00:00:00', NULL, 'USER0009', NULL),
('TR2023071700229', 'WZ20230021', 'TRANSFER', 9.11, '2023-07-17 00:00:00', NULL, 'USER0002', NULL),
('TR2023071800262', 'WZ20230024', 'TRANSFER', 12.66, '2023-07-18 00:00:00', NULL, 'USER0014', NULL),
('TR2023071800418', 'WZ20230006', 'TRANSFER', 42.18, '2023-07-18 00:00:00', NULL, 'USER0013', 'His friend five cover system leader.'),
('TR2023072000007', 'WZ20230047', 'OUT', -17.15, '2023-07-20 00:00:00', NULL, 'USER0001', NULL),
('TR2023072000032', 'WZ20230029', 'OUT', -43.38, '2023-07-20 00:00:00', NULL, 'USER0012', 'Standard purpose how rule brother wrong.'),
('TR2023072000240', 'WZ20230027', 'TRANSFER', 39.94, '2023-07-20 00:00:00', NULL, 'USER0014', NULL),
('TR2023072000358', 'WZ20230010', 'TRANSFER', 5.17, '2023-07-20 00:00:00', NULL, 'USER0006', NULL),
('TR2023072100245', 'WZ20230043', 'TRANSFER', 8.20, '2023-07-21 00:00:00', NULL, 'USER0001', NULL),
('TR2023072200426', 'WZ20230041', 'IN', 40.65, '2023-07-22 00:00:00', 'PO202311300038', 'USER0001', 'Realize sell table loss yourself building health.'),
('TR2023072300435', 'WZ20230030', 'TRANSFER', 8.54, '2023-07-23 00:00:00', NULL, 'USER0003', 'Top anything trade market any.'),
('TR2023072400299', 'WZ20230042', 'IN', 42.12, '2023-07-24 00:00:00', 'PO202303120058', 'USER0006', NULL),
('TR2023072400364', 'WZ20230027', 'TRANSFER', 6.20, '2023-07-24 00:00:00', NULL, 'USER0003', NULL),
('TR2023072600284', 'WZ20230005', 'OUT', -25.65, '2023-07-26 00:00:00', NULL, 'USER0007', 'Reach who stuff guy service decade.'),
('TR2023072700285', 'WZ20230031', 'IN', 46.73, '2023-07-27 00:00:00', 'PO202305010078', 'USER0004', 'Let claim spend speech.'),
('TR2023072700496', 'WZ20230002', 'OUT', -37.99, '2023-07-27 00:00:00', NULL, 'USER0012', 'Spring term character as government heavy next.'),
('TR2023072800100', 'WZ20230030', 'TRANSFER', 32.36, '2023-07-28 00:00:00', NULL, 'USER0013', NULL),
('TR2023072900096', 'WZ20230025', 'IN', 2.47, '2023-07-29 00:00:00', 'PO202301190003', 'USER0015', 'Imagine pattern soon.'),
('TR2023073100179', 'WZ20230010', 'IN', 7.41, '2023-07-31 00:00:00', 'PO202306080099', 'USER0001', 'Democrat firm type.'),
('TR2023073100208', 'WZ20230044', 'SCRAP', -5.42, '2023-07-31 00:00:00', NULL, 'USER0010', NULL),
('TR2023073100230', 'WZ20230008', 'SCRAP', -33.91, '2023-07-31 00:00:00', NULL, 'USER0004', NULL),
('TR2023073100355', 'WZ20230005', 'IN', 26.40, '2023-07-31 00:00:00', 'PO202307130066', 'USER0007', NULL),
('TR2023080200088', 'WZ20230018', 'IN', 1.55, '2023-08-02 00:00:00', 'PO202307220020', 'USER0003', NULL),
('TR2023080600410', 'WZ20230004', 'SCRAP', -47.98, '2023-08-06 00:00:00', NULL, 'USER0005', NULL),
('TR2023080700468', 'WZ20230020', 'SCRAP', -31.33, '2023-08-07 00:00:00', NULL, 'USER0001', NULL),
('TR2023080800289', 'WZ20230016', 'OUT', -20.62, '2023-08-08 00:00:00', NULL, 'USER0014', 'Current everything real read above American.'),
('TR2023080800500', 'WZ20230019', 'IN', 43.06, '2023-08-08 00:00:00', 'PO202312100061', 'USER0008', 'Must word source pretty job pressure.'),
('TR2023081000388', 'WZ20230025', 'TRANSFER', 8.50, '2023-08-10 00:00:00', NULL, 'USER0002', NULL),
('TR2023081100312', 'WZ20230004', 'OUT', -26.24, '2023-08-11 00:00:00', NULL, 'USER0011', NULL),
('TR2023081200386', 'WZ20230033', 'OUT', -15.42, '2023-08-12 00:00:00', NULL, 'USER0006', NULL),
('TR2023081300130', 'WZ20230023', 'OUT', -48.09, '2023-08-13 00:00:00', NULL, 'USER0002', NULL),
('TR2023081300194', 'WZ20230034', 'TRANSFER', 9.86, '2023-08-13 00:00:00', NULL, 'USER0012', NULL),
('TR2023081300443', 'WZ20230039', 'SCRAP', -21.62, '2023-08-13 00:00:00', NULL, 'USER0014', NULL),
('TR2023081400241', 'WZ20230031', 'IN', 5.27, '2023-08-14 00:00:00', 'PO202308250015', 'USER0015', NULL),
('TR2023081600055', 'WZ20230002', 'OUT', -29.91, '2023-08-16 00:00:00', NULL, 'USER0002', NULL),
('TR2023081600178', 'WZ20230026', 'TRANSFER', 18.14, '2023-08-16 00:00:00', NULL, 'USER0008', NULL),
('TR2023081600304', 'WZ20230012', 'TRANSFER', 17.08, '2023-08-16 00:00:00', NULL, 'USER0013', 'Middle quite discover class as within.'),
('TR2023081600356', 'WZ20230005', 'TRANSFER', 25.31, '2023-08-16 00:00:00', NULL, 'USER0015', NULL),
('TR2023081700058', 'WZ20230023', 'TRANSFER', 26.33, '2023-08-17 00:00:00', NULL, 'USER0001', NULL),
('TR2023081700406', 'WZ20230028', 'IN', 4.81, '2023-08-17 00:00:00', 'PO202310010002', 'USER0009', NULL),
('TR2023081900181', 'WZ20230036', 'SCRAP', -33.97, '2023-08-19 00:00:00', NULL, 'USER0012', NULL),
('TR2023081900198', 'WZ20230020', 'TRANSFER', 24.52, '2023-08-19 00:00:00', NULL, 'USER0008', NULL),
('TR2023081900288', 'WZ20230039', 'OUT', -25.62, '2023-08-19 00:00:00', NULL, 'USER0008', NULL),
('TR2023081900429', 'WZ20230005', 'IN', 7.31, '2023-08-19 00:00:00', 'PO202310090005', 'USER0003', 'Decade let teach project.'),
('TR2023082000313', 'WZ20230027', 'OUT', -14.41, '2023-08-20 00:00:00', NULL, 'USER0012', NULL),
('TR2023082100064', 'WZ20230007', 'IN', 25.33, '2023-08-21 00:00:00', 'PO202312240081', 'USER0014', NULL),
('TR2023082100237', 'WZ20230007', 'OUT', -18.77, '2023-08-21 00:00:00', NULL, 'USER0011', 'Note others energy take good money.'),
('TR2023082100341', 'WZ20230019', 'TRANSFER', 34.42, '2023-08-21 00:00:00', NULL, 'USER0007', NULL),
('TR2023082200008', 'WZ20230002', 'SCRAP', -28.07, '2023-08-22 00:00:00', NULL, 'USER0011', 'According create page debate create.'),
('TR2023082300475', 'WZ20230016', 'IN', 48.36, '2023-08-23 00:00:00', 'PO202302150093', 'USER0002', NULL),
('TR2023082400456', 'WZ20230047', 'TRANSFER', 29.04, '2023-08-24 00:00:00', NULL, 'USER0014', NULL),
('TR2023082500175', 'WZ20230025', 'OUT', -26.16, '2023-08-25 00:00:00', NULL, 'USER0015', NULL),
('TR2023082700143', 'WZ20230006', 'OUT', -12.36, '2023-08-27 00:00:00', NULL, 'USER0011', 'Partner a character change just.'),
('TR2023082800151', 'WZ20230035', 'TRANSFER', 44.35, '2023-08-28 00:00:00', NULL, 'USER0009', NULL),
('TR2023082800377', 'WZ20230006', 'TRANSFER', 18.39, '2023-08-28 00:00:00', NULL, 'USER0001', NULL),
('TR2023082800476', 'WZ20230050', 'OUT', -30.17, '2023-08-28 00:00:00', NULL, 'USER0015', 'The consider population.'),
('TR2023082800484', 'WZ20230020', 'SCRAP', -24.62, '2023-08-28 00:00:00', NULL, 'USER0004', NULL),
('TR2023082900207', 'WZ20230002', 'OUT', -32.54, '2023-08-29 00:00:00', NULL, 'USER0011', NULL),
('TR2023083000271', 'WZ20230036', 'TRANSFER', 39.87, '2023-08-30 00:00:00', NULL, 'USER0007', NULL),
('TR2023083100116', 'WZ20230042', 'SCRAP', -10.47, '2023-08-31 00:00:00', NULL, 'USER0009', NULL),
('TR2023083100239', 'WZ20230027', 'OUT', -14.73, '2023-08-31 00:00:00', NULL, 'USER0012', NULL),
('TR2023083100398', 'WZ20230026', 'TRANSFER', 5.76, '2023-08-31 00:00:00', NULL, 'USER0003', NULL),
('TR2023083100450', 'WZ20230009', 'TRANSFER', 15.86, '2023-08-31 00:00:00', NULL, 'USER0006', NULL),
('TR2023090100301', 'WZ20230048', 'IN', 44.92, '2023-09-01 00:00:00', 'PO202301290027', 'USER0014', 'Local buy can notice tend past agent actually.'),
('TR2023090100498', 'WZ20230029', 'OUT', -14.06, '2023-09-01 00:00:00', NULL, 'USER0007', 'Chance peace under easy career.'),
('TR2023090200051', 'WZ20230041', 'OUT', -3.57, '2023-09-02 00:00:00', NULL, 'USER0006', 'Letter cell happen skin unit white authority.'),
('TR2023090200126', 'WZ20230020', 'SCRAP', -42.12, '2023-09-02 00:00:00', NULL, 'USER0004', NULL),
('TR2023090400030', 'WZ20230017', 'SCRAP', -46.80, '2023-09-04 00:00:00', NULL, 'USER0009', NULL),
('TR2023090500087', 'WZ20230011', 'SCRAP', -32.88, '2023-09-05 00:00:00', NULL, 'USER0013', NULL),
('TR2023090700092', 'WZ20230050', 'TRANSFER', 17.00, '2023-09-07 00:00:00', NULL, 'USER0012', 'Character feeling leave culture above another reveal.'),
('TR2023090700231', 'WZ20230003', 'OUT', -39.73, '2023-09-07 00:00:00', NULL, 'USER0006', NULL),
('TR2023090900070', 'WZ20230023', 'SCRAP', -7.21, '2023-09-09 00:00:00', NULL, 'USER0002', NULL),
('TR2023090900327', 'WZ20230002', 'TRANSFER', 4.11, '2023-09-09 00:00:00', NULL, 'USER0002', NULL),
('TR2023090900347', 'WZ20230045', 'SCRAP', -7.98, '2023-09-09 00:00:00', NULL, 'USER0005', 'Group bank although learn deep of send.'),
('TR2023090900480', 'WZ20230019', 'OUT', -37.61, '2023-09-09 00:00:00', NULL, 'USER0009', NULL),
('TR2023090900482', 'WZ20230011', 'SCRAP', -45.02, '2023-09-09 00:00:00', NULL, 'USER0009', NULL),
('TR2023091100425', 'WZ20230014', 'OUT', -32.82, '2023-09-11 00:00:00', NULL, 'USER0006', NULL),
('TR2023091200093', 'WZ20230002', 'TRANSFER', 41.92, '2023-09-12 00:00:00', NULL, 'USER0006', 'Change gas throw provide cell understand.'),
('TR2023091200409', 'WZ20230046', 'SCRAP', -37.67, '2023-09-12 00:00:00', NULL, 'USER0012', 'Market former until style.'),
('TR2023091300267', 'WZ20230040', 'TRANSFER', 26.90, '2023-09-13 00:00:00', NULL, 'USER0007', NULL),
('TR2023091300300', 'WZ20230045', 'IN', 17.07, '2023-09-13 00:00:00', 'PO202310090005', 'USER0013', 'Someone Mrs TV young fish under.'),
('TR2023091500439', 'WZ20230039', 'OUT', -7.00, '2023-09-15 00:00:00', NULL, 'USER0004', 'Discussion score share real happen resource major.'),
('TR2023091500486', 'WZ20230045', 'IN', 46.72, '2023-09-15 00:00:00', 'PO202307220020', 'USER0011', 'Subject arrive remember stay magazine game.'),
('TR2023091600009', 'WZ20230040', 'IN', 34.96, '2023-09-16 00:00:00', 'PO202306080099', 'USER0012', NULL),
('TR2023091600359', 'WZ20230007', 'IN', 19.94, '2023-09-16 00:00:00', 'PO202312280044', 'USER0006', NULL),
('TR2023091700177', 'WZ20230012', 'OUT', -5.24, '2023-09-17 00:00:00', NULL, 'USER0011', NULL),
('TR2023091700352', 'WZ20230014', 'OUT', -39.99, '2023-09-17 00:00:00', NULL, 'USER0013', NULL),
('TR2023091700371', 'WZ20230016', 'TRANSFER', 45.88, '2023-09-17 00:00:00', NULL, 'USER0008', NULL),
('TR2023091800485', 'WZ20230002', 'TRANSFER', 44.58, '2023-09-18 00:00:00', NULL, 'USER0008', 'Measure time whom.'),
('TR2023092000397', 'WZ20230016', 'SCRAP', -45.91, '2023-09-20 00:00:00', NULL, 'USER0007', NULL),
('TR2023092100227', 'WZ20230009', 'TRANSFER', 9.49, '2023-09-21 00:00:00', NULL, 'USER0009', NULL),
('TR2023092100287', 'WZ20230033', 'TRANSFER', 46.19, '2023-09-21 00:00:00', NULL, 'USER0006', NULL),
('TR2023092200190', 'WZ20230046', 'OUT', -29.56, '2023-09-22 00:00:00', NULL, 'USER0007', NULL),
('TR2023092200212', 'WZ20230031', 'TRANSFER', 33.69, '2023-09-22 00:00:00', NULL, 'USER0001', NULL),
('TR2023092600330', 'WZ20230032', 'OUT', -15.37, '2023-09-26 00:00:00', NULL, 'USER0002', NULL),
('TR2023092700137', 'WZ20230037', 'IN', 25.20, '2023-09-27 00:00:00', 'PO202301170004', 'USER0001', NULL),
('TR2023092700243', 'WZ20230049', 'SCRAP', -26.72, '2023-09-27 00:00:00', NULL, 'USER0005', NULL),
('TR2023092700407', 'WZ20230013', 'TRANSFER', 9.88, '2023-09-27 00:00:00', NULL, 'USER0005', NULL),
('TR2023092800053', 'WZ20230033', 'SCRAP', -34.57, '2023-09-28 00:00:00', NULL, 'USER0014', NULL),
('TR2023092800062', 'WZ20230006', 'SCRAP', -13.33, '2023-09-28 00:00:00', NULL, 'USER0009', NULL),
('TR2023093000122', 'WZ20230032', 'TRANSFER', 6.77, '2023-09-30 00:00:00', NULL, 'USER0003', 'Above test former quickly.'),
('TR2023093000189', 'WZ20230030', 'IN', 34.03, '2023-09-30 00:00:00', 'PO202304140051', 'USER0015', 'Standard magazine the.'),
('TR2023100100383', 'WZ20230040', 'SCRAP', -21.78, '2023-10-01 00:00:00', NULL, 'USER0001', NULL),
('TR2023100200187', 'WZ20230050', 'IN', 15.12, '2023-10-02 00:00:00', 'PO202310090005', 'USER0004', NULL),
('TR2023100300142', 'WZ20230033', 'SCRAP', -2.45, '2023-10-03 00:00:00', NULL, 'USER0014', NULL),
('TR2023100300234', 'WZ20230045', 'SCRAP', -5.66, '2023-10-03 00:00:00', NULL, 'USER0010', NULL),
('TR2023100300253', 'WZ20230050', 'OUT', -24.13, '2023-10-03 00:00:00', NULL, 'USER0001', 'Point occur at thank star.'),
('TR2023100400044', 'WZ20230028', 'OUT', -49.54, '2023-10-04 00:00:00', NULL, 'USER0013', NULL),
('TR2023100400325', 'WZ20230027', 'SCRAP', -34.68, '2023-10-04 00:00:00', NULL, 'USER0009', NULL),
('TR2023100600184', 'WZ20230024', 'SCRAP', -37.89, '2023-10-06 00:00:00', NULL, 'USER0010', NULL),
('TR2023100700350', 'WZ20230038', 'OUT', -7.61, '2023-10-07 00:00:00', NULL, 'USER0009', 'Energy mission board minute else week.'),
('TR2023100700423', 'WZ20230016', 'IN', 11.83, '2023-10-07 00:00:00', 'PO202303030047', 'USER0015', NULL),
('TR2023100800323', 'WZ20230036', 'SCRAP', -32.77, '2023-10-08 00:00:00', NULL, 'USER0001', 'Reduce form quickly measure federal drop.'),
('TR2023100900085', 'WZ20230023', 'OUT', -41.93, '2023-10-09 00:00:00', NULL, 'USER0010', NULL),
('TR2023100900169', 'WZ20230003', 'IN', 15.84, '2023-10-09 00:00:00', 'PO202301130013', 'USER0004', 'Tv fear east worker.'),
('TR2023100900298', 'WZ20230022', 'IN', 6.45, '2023-10-09 00:00:00', 'PO202303120058', 'USER0007', NULL),
('TR2023101000129', 'WZ20230012', 'IN', 9.62, '2023-10-10 00:00:00', 'PO202305140030', 'USER0009', NULL),
('TR2023101000191', 'WZ20230036', 'IN', 49.71, '2023-10-10 00:00:00', 'PO202312280044', 'USER0008', NULL),
('TR2023101100257', 'WZ20230026', 'OUT', -8.72, '2023-10-11 00:00:00', NULL, 'USER0001', NULL),
('TR2023101100306', 'WZ20230014', 'IN', 20.77, '2023-10-11 00:00:00', 'PO202303140054', 'USER0005', NULL),
('TR2023101200272', 'WZ20230005', 'OUT', -16.89, '2023-10-12 00:00:00', NULL, 'USER0006', 'Have mention never cultural adult hit.'),
('TR2023101500404', 'WZ20230041', 'IN', 23.96, '2023-10-15 00:00:00', 'PO202303140054', 'USER0008', 'Cut radio field foreign production.'),
('TR2023101500481', 'WZ20230029', 'SCRAP', -9.44, '2023-10-15 00:00:00', NULL, 'USER0010', NULL),
('TR2023101600099', 'WZ20230037', 'IN', 4.04, '2023-10-16 00:00:00', 'PO202305090083', 'USER0003', 'Finish according draw return both design.'),
('TR2023101600280', 'WZ20230011', 'SCRAP', -1.99, '2023-10-16 00:00:00', NULL, 'USER0008', NULL),
('TR2023101700023', 'WZ20230016', 'IN', 19.38, '2023-10-17 00:00:00', 'PO202301290027', 'USER0005', NULL),
('TR2023101800083', 'WZ20230048', 'TRANSFER', 13.14, '2023-10-18 00:00:00', NULL, 'USER0005', NULL),
('TR2023101800310', 'WZ20230029', 'IN', 34.44, '2023-10-18 00:00:00', 'PO202303310062', 'USER0008', NULL),
('TR2023101800339', 'WZ20230035', 'TRANSFER', 49.18, '2023-10-18 00:00:00', NULL, 'USER0015', 'Information sport modern wait drop focus begin member.'),
('TR2023101800393', 'WZ20230025', 'OUT', -42.34, '2023-10-18 00:00:00', NULL, 'USER0003', NULL),
('TR2023101900422', 'WZ20230045', 'IN', 24.24, '2023-10-19 00:00:00', 'PO202308070074', 'USER0003', NULL),
('TR2023102000246', 'WZ20230034', 'SCRAP', -28.24, '2023-10-20 00:00:00', NULL, 'USER0011', NULL),
('TR2023102000396', 'WZ20230027', 'IN', 25.13, '2023-10-20 00:00:00', 'PO202310100024', 'USER0005', NULL),
('TR2023102100003', 'WZ20230023', 'TRANSFER', 32.23, '2023-10-21 00:00:00', NULL, 'USER0007', NULL),
('TR2023102100147', 'WZ20230016', 'OUT', -32.90, '2023-10-21 00:00:00', NULL, 'USER0014', 'Minute many how matter benefit assume.'),
('TR2023102300213', 'WZ20230037', 'SCRAP', -22.99, '2023-10-23 00:00:00', NULL, 'USER0004', NULL),
('TR2023102400366', 'WZ20230041', 'TRANSFER', 48.87, '2023-10-24 00:00:00', NULL, 'USER0004', NULL),
('TR2023102400382', 'WZ20230017', 'SCRAP', -37.71, '2023-10-24 00:00:00', NULL, 'USER0010', NULL),
('TR2023102500185', 'WZ20230043', 'SCRAP', -37.98, '2023-10-25 00:00:00', NULL, 'USER0007', NULL),
('TR2023102500437', 'WZ20230046', 'IN', 31.31, '2023-10-25 00:00:00', 'PO202311190028', 'USER0012', NULL),
('TR2023102500470', 'WZ20230036', 'TRANSFER', 4.26, '2023-10-25 00:00:00', NULL, 'USER0001', NULL),
('TR2023102600464', 'WZ20230025', 'TRANSFER', 7.62, '2023-10-26 00:00:00', NULL, 'USER0006', 'Or again than answer before full.'),
('TR2023102700414', 'WZ20230011', 'TRANSFER', 41.04, '2023-10-27 00:00:00', NULL, 'USER0008', NULL),
('TR2023102900086', 'WZ20230011', 'IN', 28.06, '2023-10-29 00:00:00', 'PO202304100084', 'USER0006', NULL),
('TR2023102900171', 'WZ20230013', 'SCRAP', -22.03, '2023-10-29 00:00:00', NULL, 'USER0008', 'Organization big add network.'),
('TR2023103000101', 'WZ20230020', 'IN', 18.77, '2023-10-30 00:00:00', 'PO202303310062', 'USER0013', NULL),
('TR2023103000337', 'WZ20230032', 'OUT', -9.74, '2023-10-30 00:00:00', NULL, 'USER0005', 'Kid occur choose everything difference record.'),
('TR2023103100117', 'WZ20230029', 'IN', 7.62, '2023-10-31 00:00:00', 'PO202308070074', 'USER0014', NULL),
('TR2023110500040', 'WZ20230020', 'SCRAP', -38.17, '2023-11-05 00:00:00', NULL, 'USER0011', NULL),
('TR2023110500305', 'WZ20230031', 'SCRAP', -2.55, '2023-11-05 00:00:00', NULL, 'USER0006', NULL),
('TR2023110600209', 'WZ20230023', 'IN', 42.34, '2023-11-06 00:00:00', 'PO202311190028', 'USER0015', NULL),
('TR2023110600380', 'WZ20230017', 'TRANSFER', 9.03, '2023-11-06 00:00:00', NULL, 'USER0003', NULL),
('TR2023110700372', 'WZ20230028', 'IN', 36.85, '2023-11-07 00:00:00', 'PO202302020077', 'USER0006', NULL),
('TR2023110900031', 'WZ20230006', 'OUT', -7.60, '2023-11-09 00:00:00', NULL, 'USER0002', NULL),
('TR2023110900149', 'WZ20230022', 'TRANSFER', 37.83, '2023-11-09 00:00:00', NULL, 'USER0010', NULL),
('TR2023110900458', 'WZ20230007', 'IN', 48.56, '2023-11-09 00:00:00', 'PO202303140054', 'USER0001', NULL),
('TR2023111000042', 'WZ20230023', 'TRANSFER', 8.40, '2023-11-10 00:00:00', NULL, 'USER0013', 'Type common hear also movement site.'),
('TR2023111000399', 'WZ20230005', 'IN', 43.07, '2023-11-10 00:00:00', 'PO202303020012', 'USER0009', 'Although treat provide section during.'),
('TR2023111100084', 'WZ20230027', 'OUT', -49.43, '2023-11-11 00:00:00', NULL, 'USER0003', NULL),
('TR2023111100465', 'WZ20230039', 'SCRAP', -26.78, '2023-11-11 00:00:00', NULL, 'USER0006', NULL),
('TR2023111200333', 'WZ20230006', 'OUT', -15.32, '2023-11-12 00:00:00', NULL, 'USER0006', NULL),
('TR2023111200445', 'WZ20230014', 'TRANSFER', 3.94, '2023-11-12 00:00:00', NULL, 'USER0011', 'Face every sit participant artist per summer.'),
('TR2023111400002', 'WZ20230022', 'TRANSFER', 19.17, '2023-11-14 00:00:00', NULL, 'USER0001', NULL),
('TR2023111400121', 'WZ20230044', 'TRANSFER', 24.65, '2023-11-14 00:00:00', NULL, 'USER0002', NULL),
('TR2023111500017', 'WZ20230036', 'IN', 20.22, '2023-11-15 00:00:00', 'PO202312220071', 'USER0011', 'Trade inside nothing moment.'),
('TR2023111600125', 'WZ20230013', 'OUT', -7.08, '2023-11-16 00:00:00', NULL, 'USER0010', NULL),
('TR2023111600451', 'WZ20230002', 'TRANSFER', 18.28, '2023-11-16 00:00:00', NULL, 'USER0012', NULL),
('TR2023111800146', 'WZ20230026', 'SCRAP', -8.54, '2023-11-18 00:00:00', NULL, 'USER0012', 'Red trip drive cost.'),
('TR2023111900219', 'WZ20230019', 'TRANSFER', 30.70, '2023-11-19 00:00:00', NULL, 'USER0013', 'Should for fear.'),
('TR2023112200448', 'WZ20230045', 'OUT', -42.55, '2023-11-22 00:00:00', NULL, 'USER0014', 'House include join push small bag market quickly.'),
('TR2023112400120', 'WZ20230004', 'IN', 36.43, '2023-11-24 00:00:00', 'PO202309050026', 'USER0003', NULL),
('TR2023112400214', 'WZ20230044', 'OUT', -29.85, '2023-11-24 00:00:00', NULL, 'USER0015', NULL),
('TR2023112500459', 'WZ20230032', 'SCRAP', -38.17, '2023-11-25 00:00:00', NULL, 'USER0012', NULL),
('TR2023112800275', 'WZ20230045', 'OUT', -29.98, '2023-11-28 00:00:00', NULL, 'USER0003', NULL),
('TR2023112900158', 'WZ20230019', 'OUT', -10.54, '2023-11-29 00:00:00', NULL, 'USER0001', NULL),
('TR2023112900162', 'WZ20230050', 'SCRAP', -4.29, '2023-11-29 00:00:00', NULL, 'USER0014', NULL),
('TR2023112900217', 'WZ20230013', 'SCRAP', -43.26, '2023-11-29 00:00:00', NULL, 'USER0005', NULL),
('TR2023120100103', 'WZ20230044', 'IN', 14.10, '2023-12-01 00:00:00', 'PO202312280060', 'USER0002', NULL);
INSERT INTO `inventory_transaction` (`transaction_id`, `material_id`, `transaction_type`, `quantity`, `transaction_date`, `reference_number`, `user_id`, `notes`) VALUES
('TR2023120100157', 'WZ20230021', 'TRANSFER', 7.79, '2023-12-01 00:00:00', NULL, 'USER0003', 'Yes church at leader.'),
('TR2023120200133', 'WZ20230021', 'OUT', -21.16, '2023-12-02 00:00:00', NULL, 'USER0011', NULL),
('TR2023120300159', 'WZ20230032', 'TRANSFER', 12.68, '2023-12-03 00:00:00', NULL, 'USER0012', NULL),
('TR2023120300336', 'WZ20230009', 'OUT', -41.22, '2023-12-03 00:00:00', NULL, 'USER0001', 'Quickly sort old.'),
('TR2023120300473', 'WZ20230050', 'SCRAP', -43.84, '2023-12-03 00:00:00', NULL, 'USER0015', NULL),
('TR2023120400345', 'WZ20230017', 'OUT', -34.53, '2023-12-04 00:00:00', NULL, 'USER0008', NULL),
('TR2023120600155', 'WZ20230002', 'OUT', -27.25, '2023-12-06 00:00:00', NULL, 'USER0004', NULL),
('TR2023120600348', 'WZ20230008', 'SCRAP', -41.15, '2023-12-06 00:00:00', NULL, 'USER0008', NULL),
('TR2023120800369', 'WZ20230017', 'SCRAP', -46.90, '2023-12-08 00:00:00', NULL, 'USER0009', NULL),
('TR2023120800447', 'WZ20230032', 'OUT', -1.43, '2023-12-08 00:00:00', NULL, 'USER0003', NULL),
('TR2023120800457', 'WZ20230025', 'IN', 49.29, '2023-12-08 00:00:00', 'PO202304150052', 'USER0005', NULL),
('TR2023120900080', 'WZ20230038', 'OUT', -46.68, '2023-12-09 00:00:00', NULL, 'USER0001', 'Ahead both woman record.'),
('TR2023120900153', 'WZ20230014', 'SCRAP', -49.28, '2023-12-09 00:00:00', NULL, 'USER0015', NULL),
('TR2023121000188', 'WZ20230012', 'IN', 5.36, '2023-12-10 00:00:00', 'PO202312100061', 'USER0006', 'Task report stuff agency according successful.'),
('TR2023121100014', 'WZ20230031', 'TRANSFER', 43.68, '2023-12-11 00:00:00', NULL, 'USER0009', NULL),
('TR2023121100308', 'WZ20230022', 'TRANSFER', 38.22, '2023-12-11 00:00:00', NULL, 'USER0006', 'Collection four cut.'),
('TR2023121200139', 'WZ20230010', 'IN', 34.11, '2023-12-12 00:00:00', 'PO202304100084', 'USER0013', 'Message reality until room green national few.'),
('TR2023121300016', 'WZ20230011', 'TRANSFER', 46.99, '2023-12-13 00:00:00', NULL, 'USER0009', NULL),
('TR2023121300204', 'WZ20230041', 'SCRAP', -27.00, '2023-12-13 00:00:00', NULL, 'USER0012', NULL),
('TR2023121300251', 'WZ20230033', 'IN', 42.68, '2023-12-13 00:00:00', 'PO202310010002', 'USER0012', 'Other suffer southern capital.'),
('TR2023121500438', 'WZ20230023', 'SCRAP', -1.12, '2023-12-15 00:00:00', NULL, 'USER0002', NULL),
('TR2023121900011', 'WZ20230028', 'TRANSFER', 2.22, '2023-12-19 00:00:00', NULL, 'USER0005', 'Simply shoulder eat boy myself throughout later.'),
('TR2023121900277', 'WZ20230043', 'TRANSFER', 1.42, '2023-12-19 00:00:00', NULL, 'USER0002', NULL),
('TR2023122000452', 'WZ20230031', 'OUT', -37.97, '2023-12-20 00:00:00', NULL, 'USER0008', NULL),
('TR2023122100006', 'WZ20230017', 'SCRAP', -32.20, '2023-12-21 00:00:00', NULL, 'USER0014', NULL),
('TR2023122300061', 'WZ20230048', 'TRANSFER', 18.50, '2023-12-23 00:00:00', NULL, 'USER0010', 'Sign second four business life.'),
('TR2023122300376', 'WZ20230021', 'OUT', -2.63, '2023-12-23 00:00:00', NULL, 'USER0009', NULL),
('TR2023122300385', 'WZ20230035', 'SCRAP', -46.82, '2023-12-23 00:00:00', NULL, 'USER0004', 'Student politics audience someone staff.'),
('TR2023122400163', 'WZ20230033', 'IN', 19.07, '2023-12-24 00:00:00', 'PO202303310062', 'USER0011', NULL),
('TR2023122500416', 'WZ20230048', 'SCRAP', -6.98, '2023-12-25 00:00:00', NULL, 'USER0002', 'Result help blue soon officer couple.'),
('TR2023122600021', 'WZ20230045', 'IN', 41.48, '2023-12-26 00:00:00', 'PO202309090072', 'USER0004', NULL),
('TR2023122600111', 'WZ20230029', 'OUT', -19.96, '2023-12-26 00:00:00', NULL, 'USER0012', NULL),
('TR2023122600273', 'WZ20230029', 'OUT', -30.90, '2023-12-26 00:00:00', NULL, 'USER0009', NULL),
('TR2023122600494', 'WZ20230044', 'SCRAP', -46.95, '2023-12-26 00:00:00', NULL, 'USER0014', 'Name image lay early.'),
('TR2023122700295', 'WZ20230012', 'OUT', -18.37, '2023-12-27 00:00:00', NULL, 'USER0008', 'Go information once water part.'),
('TR2023122800400', 'WZ20230019', 'TRANSFER', 18.65, '2023-12-28 00:00:00', NULL, 'USER0005', 'Perform character fall team thus number.'),
('TR2023122900005', 'WZ20230035', 'IN', 5.80, '2023-12-29 00:00:00', 'PO202312280044', 'USER0006', 'Than reach sit we ago management good.'),
('TR2023122900391', 'WZ20230011', 'SCRAP', -37.71, '2023-12-29 00:00:00', NULL, 'USER0011', NULL),
('TR2023123000292', 'WZ20230014', 'TRANSFER', 25.01, '2023-12-30 00:00:00', NULL, 'USER0007', 'Brother sing number require Congress gun.'),
('TR2023123000351', 'WZ20230044', 'IN', 37.53, '2023-12-30 00:00:00', 'PO202311250018', 'USER0007', 'Energy page expert front similar hour scientist.'),
('TR2023123000436', 'WZ20230041', 'SCRAP', -3.89, '2023-12-30 00:00:00', NULL, 'USER0009', NULL);

-- --------------------------------------------------------

--
-- Table structure for table `material`
--

CREATE TABLE `material` (
  `id` varchar(25) NOT NULL,
  `name` varchar(100) DEFAULT NULL,
  `description` text DEFAULT NULL,
  `category` varchar(50) DEFAULT NULL,
  `unit` varchar(20) DEFAULT NULL,
  `current_quantity` decimal(10,2) DEFAULT NULL,
  `min_quantity` decimal(10,2) DEFAULT NULL,
  `max_quantity` decimal(10,2) DEFAULT NULL,
  `location` varchar(50) DEFAULT NULL
) ENGINE=InnoDB DEFAULT CHARSET=utf8mb4 COLLATE=utf8mb4_general_ci;

--
-- Dumping data for table `material`
--

INSERT INTO `material` (`id`, `name`, `description`, `category`, `unit`, `current_quantity`, `min_quantity`, `max_quantity`, `location`) VALUES
('WZ20230001', 'Staff Material', 'Face without also crime bed.', 'Construction', 'pieces', 943.58, 97.17, 1056.15, 'B9'),
('WZ20230002', 'East Part', 'Bank yard common government cost need southern cold.', 'Electronics', 'liters', 480.45, 80.67, 1180.32, 'A16'),
('WZ20230003', 'Kitchen Part', 'International continue artist southern.', 'Raw Materials', 'liters', 294.63, 13.87, 1488.57, 'D12'),
('WZ20230004', 'Care Part', 'Example treatment air alone religious.', 'Construction', 'boxes', 928.62, 35.98, 668.01, 'D16'),
('WZ20230005', 'Better Component', 'Race onto event method.', 'Electronics', 'liters', 899.46, 74.35, 1211.53, 'C6'),
('WZ20230006', 'Summer Component', 'Performance land we positive.', 'Construction', 'pieces', 617.38, 84.06, 1402.10, 'B4'),
('WZ20230007', 'First Part', 'City safe poor see land man soon owner.', 'Packaging', 'liters', 207.04, 72.93, 311.65, 'A19'),
('WZ20230008', 'Degree Material', 'Dark scene performance growth.', 'Electronics', 'units', 370.01, 64.21, 1684.95, 'C20'),
('WZ20230009', 'Never Part', 'Note name door station sister.', 'Construction', 'kg', 609.07, 40.48, 1174.57, 'A16'),
('WZ20230010', 'Well Material', 'Anything actually high leg right letter politics.', 'Raw Materials', 'boxes', 117.96, 56.62, 795.17, 'B13'),
('WZ20230011', 'Common Component', 'Stage campaign public production house hit ahead book.', 'Electronics', 'boxes', 966.12, 21.12, 755.99, 'C9'),
('WZ20230012', 'Pressure Component', 'Cup history summer we whether.', 'Packaging', 'kg', 56.60, 69.59, 1454.40, 'B16'),
('WZ20230013', 'Impact Material', 'Improve mean five gun must by agree.', 'Packaging', 'kg', 437.28, 9.89, 1042.72, 'B12'),
('WZ20230014', 'Record Part', 'Five strategy painting bag tough.', 'Construction', 'boxes', 302.19, 18.25, 816.97, 'D8'),
('WZ20230015', 'Laugh Component', 'Very success miss year draw best.', 'Electronics', 'kg', 997.13, 32.01, 856.93, 'D16'),
('WZ20230016', 'Alone Component', 'Former event occur require three agree.', 'Construction', 'units', 160.58, 87.42, 449.01, 'B14'),
('WZ20230017', 'System Component', 'Its discover writer teach blue reason sister.', 'Electronics', 'units', 331.45, 7.16, 646.34, 'C5'),
('WZ20230018', 'Maintain Part', 'Morning level realize.', 'Packaging', 'units', 379.33, 23.61, 1172.50, 'A7'),
('WZ20230019', 'People Component', 'Quality speech best company.', 'Mechanical', 'units', 861.68, 63.47, 1431.04, 'A7'),
('WZ20230020', 'Individual Component', 'Enough sort section left shoulder lawyer.', 'Raw Materials', 'units', 995.22, 73.12, 1818.43, 'A17'),
('WZ20230021', 'Voice Component', 'Laugh some yard interview bank.', 'Construction', 'kg', 728.96, 79.39, 1381.93, 'A16'),
('WZ20230022', 'Hospital Component', 'Real officer discover information work final evidence.', 'Packaging', 'liters', 314.68, 53.13, 859.56, 'C12'),
('WZ20230023', 'Security Part', 'None probably region see.', 'Construction', 'boxes', 145.77, 71.04, 489.95, 'D8'),
('WZ20230024', 'Hold Material', 'Push hear conference.', 'Construction', 'pieces', 163.16, 73.14, 563.51, 'A17'),
('WZ20230025', 'Set Material', 'Activity respond security foreign.', 'Electronics', 'liters', 590.20, 34.40, 1897.21, 'D4'),
('WZ20230026', 'Ground Material', 'Truth physical second learn environmental project environment.', 'Packaging', 'liters', 449.34, 82.97, 1409.49, 'A9'),
('WZ20230027', 'Resource Part', 'Loss song computer follow perhaps show business.', 'Packaging', 'liters', 742.93, 50.00, 255.03, 'B20'),
('WZ20230028', 'Edge Part', 'Learn when mother high begin American.', 'Construction', 'boxes', 665.16, 82.76, 1490.13, 'C2'),
('WZ20230029', 'And Component', 'Money partner among.', 'Construction', 'units', 69.29, 12.83, 275.15, 'C5'),
('WZ20230030', 'There Material', 'Best she since and civil least around garden.', 'Mechanical', 'kg', 804.22, 80.31, 1012.13, 'A18'),
('WZ20230031', 'Smile Material', 'Make itself walk.', 'Electronics', 'kg', 260.58, 73.85, 966.82, 'C17'),
('WZ20230032', 'Land Part', 'Less spring perhaps year difference.', 'Electronics', 'kg', 60.77, 96.41, 1837.28, 'A14'),
('WZ20230033', 'Report Part', 'School trip until issue.', 'Packaging', 'kg', 237.52, 58.88, 1729.12, 'B2'),
('WZ20230034', 'Five Part', 'Imagine leave campaign receive.', 'Mechanical', 'boxes', 279.29, 51.12, 1237.90, 'B3'),
('WZ20230035', 'Learn Part', 'Pay want trial support.', 'Packaging', 'boxes', 212.67, 56.60, 1238.18, 'D1'),
('WZ20230036', 'Once Part', 'For weight produce chance.', 'Electronics', 'kg', 382.10, 10.95, 406.06, 'A20'),
('WZ20230037', 'Crime Part', 'Sister recently threat third moment.', 'Raw Materials', 'kg', 439.75, 48.76, 568.40, 'B7'),
('WZ20230038', 'Political Part', 'High near project need how.', 'Construction', 'units', 725.26, 36.87, 493.86, 'C5'),
('WZ20230039', 'Not Component', 'Decide first student enjoy.', 'Packaging', 'boxes', 820.28, 96.88, 460.36, 'D8'),
('WZ20230040', 'Instead Component', 'Local tough society baby deep present.', 'Mechanical', 'kg', 715.33, 6.95, 221.76, 'A20'),
('WZ20230041', 'Campaign Part', 'Wife child vote car whether TV life.', 'Mechanical', 'units', 800.24, 98.02, 537.84, 'A12'),
('WZ20230042', 'If Component', 'Respond break hot skin.', 'Electronics', 'kg', 641.25, 69.39, 1086.37, 'C4'),
('WZ20230043', 'Represent Material', 'Stop leg lose however.', 'Construction', 'units', 122.76, 14.40, 226.06, 'A10'),
('WZ20230044', 'Difficult Component', 'Wife more wear production father reveal serious cover.', 'Mechanical', 'kg', 19.87, 24.27, 1385.43, 'A18'),
('WZ20230045', 'Nice Part', 'Change risk far five require include.', 'Construction', 'boxes', 482.85, 52.97, 1715.72, 'D16'),
('WZ20230046', 'Foot Part', 'Marriage store current type drug issue.', 'Packaging', 'kg', 30.06, 24.44, 1119.48, 'B17'),
('WZ20230047', 'Trade Component', 'Street cause fine sort less success.', 'Electronics', 'liters', 865.10, 48.46, 619.71, 'B11'),
('WZ20230048', 'Film Material', 'Role set parent until always summer.', 'Construction', 'liters', 348.38, 68.70, 588.20, 'D6'),
('WZ20230049', 'Magazine Part', 'Almost live win people like.', 'Construction', 'kg', 704.07, 60.63, 1275.73, 'B17'),
('WZ20230050', 'Generation Component', 'Party design economic consider.', 'Raw Materials', 'liters', 896.29, 77.58, 865.16, 'B4');

-- --------------------------------------------------------

--
-- Table structure for table `material_clusters`
--

CREATE TABLE `material_clusters` (
  `material_id` varchar(25) NOT NULL,
  `cluster_id` int(11) DEFAULT NULL
) ENGINE=InnoDB DEFAULT CHARSET=utf8mb4 COLLATE=utf8mb4_general_ci;

--
-- Dumping data for table `material_clusters`
--

INSERT INTO `material_clusters` (`material_id`, `cluster_id`) VALUES
('WZ20230001', 0),
('WZ20230002', 2),
('WZ20230003', 1),
('WZ20230004', 1),
('WZ20230005', 2),
('WZ20230006', 0),
('WZ20230007', 0),
('WZ20230008', 1),
('WZ20230009', 0),
('WZ20230010', 2),
('WZ20230011', 2),
('WZ20230012', 3),
('WZ20230013', 0),
('WZ20230014', 1),
('WZ20230015', 0),
('WZ20230016', 2),
('WZ20230017', 1),
('WZ20230018', 1),
('WZ20230019', 2),
('WZ20230020', 2),
('WZ20230021', 0),
('WZ20230022', 0),
('WZ20230023', 2),
('WZ20230024', 1),
('WZ20230025', 1),
('WZ20230026', 0),
('WZ20230027', 2),
('WZ20230028', 0),
('WZ20230029', 1),
('WZ20230030', 0),
('WZ20230031', 0),
('WZ20230032', 3),
('WZ20230033', 0),
('WZ20230034', 2),
('WZ20230035', 2),
('WZ20230036', 2),
('WZ20230037', 2),
('WZ20230038', 1),
('WZ20230039', 2),
('WZ20230040', 2),
('WZ20230041', 2),
('WZ20230042', 0),
('WZ20230043', 1),
('WZ20230044', 3),
('WZ20230045', 2),
('WZ20230046', 1),
('WZ20230047', 1),
('WZ20230048', 0),
('WZ20230049', 0),
('WZ20230050', 1);

-- --------------------------------------------------------

--
-- Table structure for table `purchase_order`
--

CREATE TABLE `purchase_order` (
  `po_number` varchar(25) NOT NULL,
  `material_id` varchar(25) DEFAULT NULL,
  `quantity` decimal(10,2) DEFAULT NULL,
  `order_date` date DEFAULT NULL,
  `expected_delivery` date DEFAULT NULL,
  `status` varchar(20) DEFAULT NULL,
  `department_id` varchar(25) DEFAULT NULL
) ENGINE=InnoDB DEFAULT CHARSET=utf8mb4 COLLATE=utf8mb4_general_ci;

--
-- Dumping data for table `purchase_order`
--

INSERT INTO `purchase_order` (`po_number`, `material_id`, `quantity`, `order_date`, `expected_delivery`, `status`, `department_id`) VALUES
('PO202301090068', 'WZ20230002', 97.84, '2023-01-09', '2023-01-16', 'Approved', 'DEPT003'),
('PO202301120001', 'WZ20230048', 15.11, '2023-01-12', '2023-01-21', 'Submitted', 'DEPT001'),
('PO202301130013', 'WZ20230038', 93.72, '2023-01-13', '2023-01-23', 'Cancelled', 'DEPT001'),
('PO202301140085', 'WZ20230012', 88.85, '2023-01-14', '2023-01-23', 'Draft', 'DEPT004'),
('PO202301170004', 'WZ20230008', 41.05, '2023-01-17', '2023-01-19', 'Approved', 'DEPT006'),
('PO202301190003', 'WZ20230049', 59.79, '2023-01-19', '2023-01-22', 'Cancelled', 'DEPT003'),
('PO202301190032', 'WZ20230005', 41.89, '2023-01-19', '2023-02-01', 'Approved', 'DEPT004'),
('PO202301290027', 'WZ20230021', 17.58, '2023-01-29', '2023-02-04', 'Cancelled', 'DEPT004'),
('PO202302020077', 'WZ20230043', 30.04, '2023-02-02', '2023-02-13', 'Received', 'DEPT001'),
('PO202302050094', 'WZ20230032', 55.50, '2023-02-05', '2023-02-17', 'Received', 'DEPT001'),
('PO202302150093', 'WZ20230028', 71.22, '2023-02-15', '2023-02-23', 'Draft', 'DEPT001'),
('PO202303010017', 'WZ20230024', 2.66, '2023-03-01', '2023-03-05', 'Cancelled', 'DEPT002'),
('PO202303010043', 'WZ20230035', 23.11, '2023-03-01', '2023-03-07', 'Cancelled', 'DEPT002'),
('PO202303020012', 'WZ20230005', 48.15, '2023-03-02', '2023-03-07', 'Approved', 'DEPT004'),
('PO202303030047', 'WZ20230019', 75.39, '2023-03-03', '2023-03-13', 'Submitted', 'DEPT002'),
('PO202303070041', 'WZ20230045', 26.64, '2023-03-07', '2023-03-15', 'Cancelled', 'DEPT006'),
('PO202303120058', 'WZ20230032', 43.32, '2023-03-12', '2023-03-20', 'Submitted', 'DEPT004'),
('PO202303140054', 'WZ20230050', 69.47, '2023-03-14', '2023-03-20', 'Approved', 'DEPT003'),
('PO202303150082', 'WZ20230022', 45.64, '2023-03-15', '2023-03-21', 'Approved', 'DEPT006'),
('PO202303170011', 'WZ20230014', 12.98, '2023-03-17', '2023-03-30', 'Draft', 'DEPT006'),
('PO202303180050', 'WZ20230033', 76.90, '2023-03-18', '2023-03-31', 'Cancelled', 'DEPT002'),
('PO202303210092', 'WZ20230039', 65.31, '2023-03-21', '2023-04-04', 'Draft', 'DEPT006'),
('PO202303220090', 'WZ20230043', 42.65, '2023-03-22', '2023-04-03', 'Received', 'DEPT005'),
('PO202303310062', 'WZ20230023', 65.01, '2023-03-31', '2023-04-07', 'Submitted', 'DEPT002'),
('PO202304050048', 'WZ20230022', 18.00, '2023-04-05', '2023-04-15', 'Approved', 'DEPT005'),
('PO202304090016', 'WZ20230010', 39.17, '2023-04-09', '2023-04-12', 'Approved', 'DEPT002'),
('PO202304100084', 'WZ20230033', 53.08, '2023-04-10', '2023-04-15', 'Approved', 'DEPT001'),
('PO202304140051', 'WZ20230028', 90.11, '2023-04-14', '2023-04-20', 'Draft', 'DEPT002'),
('PO202304150052', 'WZ20230040', 99.10, '2023-04-15', '2023-04-18', 'Draft', 'DEPT004'),
('PO202304210059', 'WZ20230012', 34.83, '2023-04-21', '2023-04-30', 'Draft', 'DEPT006'),
('PO202304230035', 'WZ20230038', 28.94, '2023-04-23', '2023-05-06', 'Approved', 'DEPT004'),
('PO202304250057', 'WZ20230038', 60.53, '2023-04-25', '2023-04-29', 'Approved', 'DEPT005'),
('PO202304300033', 'WZ20230011', 11.59, '2023-04-30', '2023-05-11', 'Draft', 'DEPT002'),
('PO202305010078', 'WZ20230042', 35.77, '2023-05-01', '2023-05-15', 'Approved', 'DEPT005'),
('PO202305010096', 'WZ20230026', 17.94, '2023-05-01', '2023-05-12', 'Submitted', 'DEPT005'),
('PO202305060008', 'WZ20230050', 90.80, '2023-05-06', '2023-05-12', 'Approved', 'DEPT004'),
('PO202305090083', 'WZ20230026', 11.37, '2023-05-09', '2023-05-18', 'Draft', 'DEPT004'),
('PO202305120039', 'WZ20230045', 40.73, '2023-05-12', '2023-05-19', 'Draft', 'DEPT006'),
('PO202305140030', 'WZ20230039', 86.75, '2023-05-14', '2023-05-20', 'Draft', 'DEPT002'),
('PO202305180086', 'WZ20230041', 29.62, '2023-05-18', '2023-05-22', 'Received', 'DEPT005'),
('PO202305180097', 'WZ20230029', 98.15, '2023-05-18', '2023-06-01', 'Cancelled', 'DEPT006'),
('PO202305250022', 'WZ20230010', 24.36, '2023-05-25', '2023-06-04', 'Cancelled', 'DEPT003'),
('PO202305270025', 'WZ20230046', 29.42, '2023-05-27', '2023-06-10', 'Draft', 'DEPT005'),
('PO202305310007', 'WZ20230034', 44.26, '2023-05-31', '2023-06-06', 'Cancelled', 'DEPT004'),
('PO202306010076', 'WZ20230043', 72.64, '2023-06-01', '2023-06-06', 'Draft', 'DEPT002'),
('PO202306050006', 'WZ20230004', 32.51, '2023-06-05', '2023-06-09', 'Submitted', 'DEPT003'),
('PO202306080099', 'WZ20230033', 61.66, '2023-06-08', '2023-06-09', 'Approved', 'DEPT005'),
('PO202306100063', 'WZ20230048', 57.77, '2023-06-10', '2023-06-12', 'Draft', 'DEPT002'),
('PO202306150023', 'WZ20230036', 28.02, '2023-06-15', '2023-06-22', 'Approved', 'DEPT004'),
('PO202306150031', 'WZ20230035', 96.43, '2023-06-15', '2023-06-29', 'Received', 'DEPT003'),
('PO202306200056', 'WZ20230025', 32.18, '2023-06-20', '2023-07-03', 'Received', 'DEPT004'),
('PO202306210069', 'WZ20230037', 38.99, '2023-06-21', '2023-06-23', 'Approved', 'DEPT002'),
('PO202306240100', 'WZ20230017', 80.58, '2023-06-24', '2023-07-04', 'Approved', 'DEPT002'),
('PO202306250067', 'WZ20230029', 65.22, '2023-06-25', '2023-06-29', 'Approved', 'DEPT001'),
('PO202307110079', 'WZ20230034', 14.63, '2023-07-11', '2023-07-19', 'Submitted', 'DEPT002'),
('PO202307130066', 'WZ20230013', 22.24, '2023-07-13', '2023-07-25', 'Approved', 'DEPT006'),
('PO202307140046', 'WZ20230020', 80.14, '2023-07-14', '2023-07-17', 'Approved', 'DEPT003'),
('PO202307190073', 'WZ20230020', 9.23, '2023-07-19', '2023-07-27', 'Approved', 'DEPT001'),
('PO202307220020', 'WZ20230004', 5.20, '2023-07-22', '2023-07-25', 'Received', 'DEPT002'),
('PO202307240080', 'WZ20230025', 81.56, '2023-07-24', '2023-08-05', 'Cancelled', 'DEPT002'),
('PO202307300037', 'WZ20230022', 18.15, '2023-07-30', '2023-08-02', 'Draft', 'DEPT003'),
('PO202308010088', 'WZ20230007', 56.99, '2023-08-01', '2023-08-06', 'Received', 'DEPT003'),
('PO202308020091', 'WZ20230039', 14.20, '2023-08-02', '2023-08-05', 'Cancelled', 'DEPT004'),
('PO202308060014', 'WZ20230008', 51.24, '2023-08-06', '2023-08-13', 'Draft', 'DEPT001'),
('PO202308070074', 'WZ20230024', 90.40, '2023-08-07', '2023-08-19', 'Draft', 'DEPT001'),
('PO202308090095', 'WZ20230008', 3.40, '2023-08-09', '2023-08-10', 'Draft', 'DEPT003'),
('PO202308110098', 'WZ20230009', 70.55, '2023-08-11', '2023-08-24', 'Approved', 'DEPT005'),
('PO202308120034', 'WZ20230028', 66.70, '2023-08-12', '2023-08-15', 'Submitted', 'DEPT006'),
('PO202308170042', 'WZ20230032', 51.77, '2023-08-17', '2023-08-26', 'Submitted', 'DEPT002'),
('PO202308230036', 'WZ20230005', 87.73, '2023-08-23', '2023-09-06', 'Cancelled', 'DEPT006'),
('PO202308240087', 'WZ20230018', 12.63, '2023-08-24', '2023-08-27', 'Cancelled', 'DEPT005'),
('PO202308250015', 'WZ20230040', 10.96, '2023-08-25', '2023-08-28', 'Submitted', 'DEPT002'),
('PO202309010070', 'WZ20230044', 81.25, '2023-09-01', '2023-09-05', 'Submitted', 'DEPT003'),
('PO202309050026', 'WZ20230036', 37.94, '2023-09-05', '2023-09-18', 'Cancelled', 'DEPT002'),
('PO202309070075', 'WZ20230041', 20.72, '2023-09-07', '2023-09-14', 'Draft', 'DEPT001'),
('PO202309090072', 'WZ20230019', 9.73, '2023-09-09', '2023-09-20', 'Approved', 'DEPT004'),
('PO202309100049', 'WZ20230013', 5.10, '2023-09-10', '2023-09-20', 'Cancelled', 'DEPT003'),
('PO202309140019', 'WZ20230008', 51.54, '2023-09-14', '2023-09-23', 'Submitted', 'DEPT001'),
('PO202309290053', 'WZ20230012', 65.77, '2023-09-29', '2023-10-09', 'Approved', 'DEPT001'),
('PO202309290089', 'WZ20230009', 77.72, '2023-09-29', '2023-10-10', 'Received', 'DEPT002'),
('PO202310010002', 'WZ20230025', 17.30, '2023-10-01', '2023-10-06', 'Submitted', 'DEPT002'),
('PO202310040045', 'WZ20230023', 31.25, '2023-10-04', '2023-10-12', 'Received', 'DEPT005'),
('PO202310090005', 'WZ20230010', 23.08, '2023-10-09', '2023-10-19', 'Cancelled', 'DEPT005'),
('PO202310100024', 'WZ20230040', 99.56, '2023-10-10', '2023-10-18', 'Approved', 'DEPT006'),
('PO202310100064', 'WZ20230038', 2.31, '2023-10-10', '2023-10-19', 'Received', 'DEPT002'),
('PO202310120010', 'WZ20230035', 16.69, '2023-10-12', '2023-10-15', 'Draft', 'DEPT006'),
('PO202310270065', 'WZ20230028', 20.76, '2023-10-27', '2023-11-06', 'Cancelled', 'DEPT005'),
('PO202310290009', 'WZ20230032', 56.82, '2023-10-29', '2023-11-08', 'Cancelled', 'DEPT005'),
('PO202311170040', 'WZ20230048', 84.38, '2023-11-17', '2023-11-20', 'Submitted', 'DEPT006'),
('PO202311190028', 'WZ20230044', 21.86, '2023-11-19', '2023-11-20', 'Draft', 'DEPT006'),
('PO202311250018', 'WZ20230033', 31.82, '2023-11-25', '2023-12-01', 'Submitted', 'DEPT005'),
('PO202311300038', 'WZ20230023', 68.64, '2023-11-30', '2023-12-04', 'Approved', 'DEPT002'),
('PO202312010021', 'WZ20230045', 90.79, '2023-12-01', '2023-12-13', 'Received', 'DEPT003'),
('PO202312100061', 'WZ20230015', 82.56, '2023-12-10', '2023-12-18', 'Draft', 'DEPT004'),
('PO202312120055', 'WZ20230042', 47.72, '2023-12-12', '2023-12-20', 'Draft', 'DEPT002'),
('PO202312220071', 'WZ20230029', 69.12, '2023-12-22', '2023-12-27', 'Approved', 'DEPT001'),
('PO202312240081', 'WZ20230039', 97.03, '2023-12-24', '2023-12-31', 'Received', 'DEPT003'),
('PO202312280044', 'WZ20230023', 65.63, '2023-12-28', '2024-01-03', 'Received', 'DEPT001'),
('PO202312280060', 'WZ20230005', 41.62, '2023-12-28', '2024-01-09', 'Draft', 'DEPT004'),
('PO202312290029', 'WZ20230028', 19.77, '2023-12-29', '2024-01-06', 'Received', 'DEPT003');

-- --------------------------------------------------------

--
-- Table structure for table `system_log`
--

CREATE TABLE `system_log` (
  `log_id` int(11) NOT NULL,
  `user_id` varchar(25) DEFAULT NULL,
  `action` varchar(100) DEFAULT NULL,
  `action_time` datetime DEFAULT NULL,
  `ip_address` varchar(20) DEFAULT NULL,
  `details` text DEFAULT NULL
) ENGINE=InnoDB DEFAULT CHARSET=utf8mb4 COLLATE=utf8mb4_general_ci;

--
-- Dumping data for table `system_log`
--

INSERT INTO `system_log` (`log_id`, `user_id`, `action`, `action_time`, `ip_address`, `details`) VALUES
(1, 'USER0001', 'Logout', '2023-04-03 00:00:00', '67.200.140.141', 'Feeling into market property real boy establish.'),
(2, 'USER0014', 'Approve PO', '2023-03-30 00:00:00', '199.3.72.137', 'Office local option onto provide growth trade none.'),
(3, 'USER0008', 'Logout', '2023-05-29 00:00:00', '27.120.178.43', 'Military cold part music woman.'),
(4, 'USER0013', 'Approve PO', '2023-04-14 00:00:00', '11.161.228.95', 'Within option book organization along.'),
(5, 'USER0003', 'Receive Material', '2023-01-17 00:00:00', '182.227.72.108', 'Lay attack need short.'),
(6, 'USER0012', 'Receive Material', '2023-04-05 00:00:00', '160.238.107.247', 'Expert remember some federal.'),
(7, 'USER0009', 'Logout', '2023-12-08 00:00:00', '180.251.99.108', 'Lot few new party myself reason.'),
(8, 'USER0007', 'Logout', '2023-11-29 00:00:00', '2.29.168.82', 'Serve eye development.'),
(9, 'USER0007', 'Issue Material', '2023-12-24 00:00:00', '178.234.2.38', 'Hospital director lose movie learn.'),
(10, 'USER0015', 'Create PO', '2023-03-27 00:00:00', '24.163.191.0', 'Sense investment bag if young.'),
(11, 'USER0002', 'Login', '2023-05-30 00:00:00', '61.163.185.46', 'She yeah action word.'),
(12, 'USER0001', 'Logout', '2023-08-27 00:00:00', '126.45.54.109', 'But growth base head soldier receive people.'),
(13, 'USER0002', 'Issue Material', '2023-11-18 00:00:00', '150.153.31.93', 'Describe statement organization position.'),
(14, 'USER0008', 'Create PO', '2023-03-31 00:00:00', '143.165.112.182', 'Learn avoid car culture job.'),
(15, 'USER0001', 'Issue Material', '2023-06-06 00:00:00', '64.251.53.165', 'Audience back on spring the agent.'),
(16, 'USER0005', 'Login', '2023-01-20 00:00:00', '203.198.196.7', 'Exactly leader thank yes police foot minute time.'),
(17, 'USER0008', 'Logout', '2023-05-15 00:00:00', '145.76.163.38', 'Someone about order.'),
(18, 'USER0003', 'Logout', '2023-06-10 00:00:00', '23.113.36.68', 'Image itself cultural certain within business.'),
(19, 'USER0013', 'Receive Material', '2023-02-23 00:00:00', '140.224.95.204', 'Fact close shake throughout bar table.'),
(20, 'USER0009', 'Approve PO', '2023-09-26 00:00:00', '147.174.25.31', 'Southern black theory thus degree rule alone economy.'),
(21, 'USER0003', 'Create PO', '2023-05-09 00:00:00', '109.96.11.88', 'Success however the like.'),
(22, 'USER0013', 'Logout', '2023-08-03 00:00:00', '62.216.152.90', 'Garden movement parent already ever mind special.'),
(23, 'USER0003', 'Create PO', '2023-02-13 00:00:00', '171.153.244.213', 'Especially college control quality song model maybe onto.'),
(24, 'USER0001', 'Create PO', '2023-09-20 00:00:00', '137.71.241.44', 'Hope street perform product weight.'),
(25, 'USER0007', 'Create PO', '2023-05-07 00:00:00', '163.99.72.194', 'Be local prevent yes.'),
(26, 'USER0001', 'Create PO', '2023-03-02 00:00:00', '147.68.171.94', 'But contain single address play set.'),
(27, 'USER0012', 'Create PO', '2023-07-12 00:00:00', '95.44.159.249', 'This care anyone last before spend.'),
(28, 'USER0007', 'Approve PO', '2023-09-18 00:00:00', '106.234.41.6', 'Us find air dark another behavior pick former.'),
(29, 'USER0010', 'Approve PO', '2023-01-30 00:00:00', '57.206.29.37', 'Eight challenge any four office.'),
(30, 'USER0014', 'Create PO', '2023-03-30 00:00:00', '62.118.62.19', 'Government stop fall network.'),
(31, 'USER0014', 'Receive Material', '2023-04-19 00:00:00', '158.41.153.249', 'Dream candidate thousand test vote real change.'),
(32, 'USER0004', 'Login', '2023-03-28 00:00:00', '35.248.85.234', 'Move economic forward middle success method.'),
(33, 'USER0015', 'Issue Material', '2023-12-16 00:00:00', '192.95.105.25', 'Few white wife opportunity girl safe case.'),
(34, 'USER0001', 'Logout', '2023-12-09 00:00:00', '179.92.69.210', 'Produce provide food current protect number.'),
(35, 'USER0002', 'Create PO', '2023-02-07 00:00:00', '179.205.100.37', 'See will challenge.'),
(36, 'USER0012', 'Logout', '2023-01-16 00:00:00', '124.219.255.149', 'Require detail they hundred network.'),
(37, 'USER0014', 'Approve PO', '2023-07-23 00:00:00', '140.120.183.85', 'Loss first close.'),
(38, 'USER0002', 'Logout', '2023-05-13 00:00:00', '72.216.163.26', 'Low federal pattern appear their.'),
(39, 'USER0004', 'Approve PO', '2023-06-20 00:00:00', '64.198.116.13', 'Wall real seat place act.'),
(40, 'USER0001', 'Issue Material', '2023-09-03 00:00:00', '55.222.135.92', 'Own out seat model.'),
(41, 'USER0013', 'Logout', '2023-10-27 00:00:00', '154.11.85.160', 'Build executive various between line six.'),
(42, 'USER0010', 'Create PO', '2023-07-14 00:00:00', '3.252.42.3', 'Often up fear pressure green pull.'),
(43, 'USER0008', 'Issue Material', '2023-07-08 00:00:00', '88.39.148.4', 'Product fly run energy southern minute look.'),
(44, 'USER0014', 'Issue Material', '2023-05-20 00:00:00', '123.185.107.199', 'System himself against culture every by from.'),
(45, 'USER0014', 'Receive Material', '2023-06-02 00:00:00', '164.142.11.49', 'Because admit camera interview unit race program.'),
(46, 'USER0007', 'Receive Material', '2023-03-16 00:00:00', '110.173.123.173', 'People cold film close federal right.'),
(47, 'USER0003', 'Issue Material', '2023-01-05 00:00:00', '55.248.117.9', 'Lawyer exist eat onto.'),
(48, 'USER0003', 'Issue Material', '2023-05-21 00:00:00', '201.39.250.51', 'Sign fine blood.'),
(49, 'USER0010', 'Logout', '2023-10-04 00:00:00', '101.143.234.44', 'Old price process up girl leave.'),
(50, 'USER0007', 'Issue Material', '2023-02-27 00:00:00', '64.122.81.199', 'Ahead trouble improve.'),
(51, 'USER0007', 'Receive Material', '2023-08-20 00:00:00', '52.66.142.23', 'Record court then off.'),
(52, 'USER0014', 'Logout', '2023-03-16 00:00:00', '146.238.26.45', 'Certainly physical value note dinner.'),
(53, 'USER0008', 'Issue Material', '2023-10-17 00:00:00', '16.48.179.33', 'Best way happen cost.'),
(54, 'USER0004', 'Approve PO', '2023-07-11 00:00:00', '86.36.171.146', 'Anything into realize home finish firm.'),
(55, 'USER0004', 'Issue Material', '2023-12-16 00:00:00', '81.227.146.144', 'Simply early certainly image American model individual.'),
(56, 'USER0010', 'Issue Material', '2023-03-08 00:00:00', '93.224.181.172', 'Course weight think money we party.'),
(57, 'USER0008', 'Login', '2023-04-21 00:00:00', '73.42.190.26', 'Six sense section recognize right.'),
(58, 'USER0002', 'Logout', '2023-07-19 00:00:00', '124.249.116.110', 'Hear agreement your government message rate.'),
(59, 'USER0001', 'Receive Material', '2023-12-08 00:00:00', '160.66.119.69', 'How need indicate fact.'),
(60, 'USER0007', 'Receive Material', '2023-07-01 00:00:00', '153.107.223.130', 'Itself such a share any amount.'),
(61, 'USER0005', 'Approve PO', '2023-10-11 00:00:00', '85.130.134.98', 'Upon business management rather.'),
(62, 'USER0005', 'Logout', '2023-11-04 00:00:00', '175.185.231.217', 'The weight television.'),
(63, 'USER0013', 'Create PO', '2023-03-27 00:00:00', '15.197.105.215', 'Certainly bit nor respond themselves.'),
(64, 'USER0004', 'Approve PO', '2023-05-30 00:00:00', '74.172.91.56', 'Present market maintain develop a matter force.'),
(65, 'USER0012', 'Receive Material', '2023-11-15 00:00:00', '153.79.48.118', 'Pm about sign professional whether wide.'),
(66, 'USER0013', 'Create PO', '2023-08-13 00:00:00', '49.107.136.152', 'Unit family these natural list.'),
(67, 'USER0003', 'Logout', '2023-02-17 00:00:00', '218.241.54.48', 'Many figure type hotel week should believe Congress.'),
(68, 'USER0014', 'Receive Material', '2023-01-28 00:00:00', '70.99.11.235', 'Too hold dark meeting technology result.'),
(69, 'USER0004', 'Issue Material', '2023-03-03 00:00:00', '203.221.222.2', 'Game mother final score through stay.'),
(70, 'USER0006', 'Create PO', '2023-06-28 00:00:00', '185.179.5.0', 'Run walk table help easy.'),
(71, 'USER0015', 'Approve PO', '2023-04-17 00:00:00', '161.49.129.88', 'Meet entire particularly prepare.'),
(72, 'USER0006', 'Create PO', '2023-12-08 00:00:00', '109.17.122.244', 'Gun say much anything TV.'),
(73, 'USER0011', 'Approve PO', '2023-12-26 00:00:00', '205.79.107.49', 'Bar low leg much.'),
(74, 'USER0002', 'Approve PO', '2023-04-01 00:00:00', '78.200.136.189', 'Be realize still full.'),
(75, 'USER0009', 'Receive Material', '2023-03-09 00:00:00', '210.133.162.112', 'Cut throw lot alone executive interesting partner.'),
(76, 'USER0009', 'Receive Material', '2023-09-07 00:00:00', '81.143.72.54', 'They go training better especially everybody tonight.'),
(77, 'USER0015', 'Approve PO', '2023-02-21 00:00:00', '187.154.51.207', 'Use return environment.'),
(78, 'USER0005', 'Login', '2023-06-09 00:00:00', '33.1.1.126', 'Job kitchen mind attorney occur take.'),
(79, 'USER0013', 'Login', '2023-04-22 00:00:00', '48.254.221.167', 'Quickly they figure past special.'),
(80, 'USER0004', 'Logout', '2023-01-11 00:00:00', '61.225.185.104', 'Participant training deal fly.'),
(81, 'USER0007', 'Receive Material', '2023-10-13 00:00:00', '215.17.173.171', 'Five fight consumer food.'),
(82, 'USER0005', 'Approve PO', '2023-12-29 00:00:00', '77.123.214.88', 'Surface leave drug economy school rise various.'),
(83, 'USER0003', 'Approve PO', '2023-04-13 00:00:00', '135.31.94.9', 'Stuff financial contain morning three.'),
(84, 'USER0012', 'Issue Material', '2023-02-02 00:00:00', '219.210.68.241', 'Degree different necessary bring save paper.'),
(85, 'USER0006', 'Login', '2023-02-20 00:00:00', '66.8.94.64', 'Democratic change natural every toward stage.'),
(86, 'USER0004', 'Logout', '2023-10-27 00:00:00', '23.119.240.40', 'Anything individual realize think product.'),
(87, 'USER0008', 'Issue Material', '2023-04-07 00:00:00', '167.68.81.15', 'Once price man medical interview final data.'),
(88, 'USER0003', 'Issue Material', '2023-01-09 00:00:00', '157.94.205.139', 'Her cup design girl cost.'),
(89, 'USER0001', 'Create PO', '2023-08-30 00:00:00', '119.228.106.60', 'Face quite understand five water body well something.'),
(90, 'USER0009', 'Issue Material', '2023-02-01 00:00:00', '46.117.23.67', 'East cause last west site.'),
(91, 'USER0004', 'Approve PO', '2023-12-20 00:00:00', '188.47.17.7', 'Situation must worker ground week while.'),
(92, 'USER0002', 'Approve PO', '2023-05-18 00:00:00', '80.64.251.47', 'I again report end agency.'),
(93, 'USER0015', 'Issue Material', '2023-10-15 00:00:00', '206.66.52.186', 'Far head show history call prove.'),
(94, 'USER0001', 'Create PO', '2023-12-23 00:00:00', '108.178.84.237', 'Reflect know expect cover.'),
(95, 'USER0002', 'Receive Material', '2023-10-09 00:00:00', '23.19.58.204', 'Street western industry choose community.'),
(96, 'USER0010', 'Approve PO', '2023-09-17 00:00:00', '79.56.17.230', 'Growth both true some more interview.'),
(97, 'USER0015', 'Approve PO', '2023-07-05 00:00:00', '223.111.79.42', 'Form enjoy ready technology lawyer who opportunity.'),
(98, 'USER0014', 'Issue Material', '2023-02-21 00:00:00', '67.41.139.224', 'Up reduce organization still there.'),
(99, 'USER0007', 'Issue Material', '2023-11-16 00:00:00', '128.38.139.217', 'College move authority probably without husband forget late.'),
(100, 'USER0006', 'Receive Material', '2023-05-25 00:00:00', '17.217.116.146', 'Continue standard security past challenge statement.'),
(101, 'USER0012', 'Logout', '2023-09-25 00:00:00', '61.4.151.194', 'Third remain attorney product down capital.'),
(102, 'USER0001', 'Create PO', '2023-09-18 00:00:00', '39.123.17.248', 'Matter political car short interview finally cell.'),
(103, 'USER0011', 'Create PO', '2023-09-13 00:00:00', '103.56.254.142', 'Bad usually would walk positive.'),
(104, 'USER0008', 'Issue Material', '2023-06-10 00:00:00', '144.248.100.113', 'Foreign have education.'),
(105, 'USER0001', 'Issue Material', '2023-11-11 00:00:00', '169.40.224.63', 'Quite easy significant choice put trip analysis.'),
(106, 'USER0007', 'Issue Material', '2023-09-01 00:00:00', '194.24.161.144', 'Must political machine.'),
(107, 'USER0002', 'Create PO', '2023-06-23 00:00:00', '178.221.24.237', 'Century see cultural eye well material.'),
(108, 'USER0013', 'Receive Material', '2023-01-31 00:00:00', '16.93.190.143', 'Any media area public kid prepare.'),
(109, 'USER0002', 'Approve PO', '2023-03-21 00:00:00', '21.125.107.77', 'Contain window term feel knowledge view item.'),
(110, 'USER0005', 'Approve PO', '2023-10-10 00:00:00', '12.201.98.35', 'So low you.'),
(111, 'USER0011', 'Issue Material', '2023-07-28 00:00:00', '60.46.10.84', 'Arrive your military heart argue sing fill.'),
(112, 'USER0006', 'Create PO', '2023-01-26 00:00:00', '54.121.98.24', 'Instead where draw measure together.'),
(113, 'USER0001', 'Issue Material', '2023-02-08 00:00:00', '53.205.207.63', 'Week list player cup start personal increase.'),
(114, 'USER0008', 'Login', '2023-08-18 00:00:00', '76.95.82.177', 'Even west others gun PM.'),
(115, 'USER0005', 'Issue Material', '2023-12-25 00:00:00', '117.53.63.131', 'Baby weight to.'),
(116, 'USER0013', 'Approve PO', '2023-05-08 00:00:00', '16.38.223.141', 'Child usually discussion later especially close measure media.'),
(117, 'USER0008', 'Approve PO', '2023-03-07 00:00:00', '83.71.59.13', 'Create defense several street.'),
(118, 'USER0005', 'Logout', '2023-12-07 00:00:00', '212.132.24.196', 'Marriage degree sometimes standard government cell area.'),
(119, 'USER0007', 'Create PO', '2023-02-17 00:00:00', '72.108.50.67', 'Religious walk surface.'),
(120, 'USER0013', 'Login', '2023-06-16 00:00:00', '140.164.49.28', 'People sit animal spend kitchen road.'),
(121, 'USER0005', 'Issue Material', '2023-01-26 00:00:00', '53.118.185.165', 'Cultural bad spend more step us.'),
(122, 'USER0007', 'Create PO', '2023-05-31 00:00:00', '215.170.76.86', 'Direction either baby public stock.'),
(123, 'USER0002', 'Create PO', '2023-10-18 00:00:00', '205.80.143.212', 'Record have growth sit each measure.'),
(124, 'USER0002', 'Create PO', '2023-08-03 00:00:00', '41.109.41.211', 'Move a eight table hour radio bill.'),
(125, 'USER0005', 'Approve PO', '2023-01-17 00:00:00', '214.32.228.79', 'Including real imagine thought any new.'),
(126, 'USER0004', 'Issue Material', '2023-12-09 00:00:00', '130.85.6.185', 'Agent remain only special stage wrong give.'),
(127, 'USER0004', 'Receive Material', '2023-03-04 00:00:00', '104.76.94.239', 'Hair health hard pattern.'),
(128, 'USER0007', 'Issue Material', '2023-10-26 00:00:00', '31.176.206.215', 'Power upon along age.'),
(129, 'USER0014', 'Receive Material', '2023-04-28 00:00:00', '120.29.69.200', 'Film model mission service room travel.'),
(130, 'USER0005', 'Logout', '2023-02-09 00:00:00', '141.199.58.177', 'Film forward nation research kid hold democratic.'),
(131, 'USER0013', 'Receive Material', '2023-10-06 00:00:00', '152.232.43.34', 'Yard want exactly.'),
(132, 'USER0004', 'Approve PO', '2023-02-08 00:00:00', '61.41.130.98', 'Yet he official arm senior situation.'),
(133, 'USER0003', 'Receive Material', '2023-04-22 00:00:00', '139.97.174.164', 'Eat fine on both too science pass hair.'),
(134, 'USER0007', 'Approve PO', '2023-06-21 00:00:00', '25.231.40.25', 'Capital consumer field board defense Democrat any.'),
(135, 'USER0001', 'Login', '2023-12-15 00:00:00', '83.150.196.70', 'Protect usually likely.'),
(136, 'USER0002', 'Logout', '2023-10-11 00:00:00', '154.66.232.112', 'Age cold show garden ask commercial.'),
(137, 'USER0011', 'Login', '2023-05-03 00:00:00', '197.30.240.24', 'Scientist lot ahead thank remain.'),
(138, 'USER0009', 'Receive Material', '2023-04-02 00:00:00', '83.22.24.207', 'Happy sometimes by majority lead try could place.'),
(139, 'USER0009', 'Approve PO', '2023-01-05 00:00:00', '102.134.45.235', 'Computer parent at pull.'),
(140, 'USER0012', 'Login', '2023-02-03 00:00:00', '191.218.82.132', 'Exactly social near evening recognize food.'),
(141, 'USER0003', 'Receive Material', '2023-05-18 00:00:00', '87.32.22.150', 'Item final member firm artist drug effort.'),
(142, 'USER0014', 'Create PO', '2023-09-02 00:00:00', '140.143.45.166', 'Walk no both that card glass buy.'),
(143, 'USER0014', 'Issue Material', '2023-03-15 00:00:00', '60.137.170.92', 'Bar film some federal.'),
(144, 'USER0002', 'Approve PO', '2023-08-13 00:00:00', '117.13.53.252', 'Respond fight west develop ago by ever that.'),
(145, 'USER0014', 'Logout', '2023-09-30 00:00:00', '12.36.213.203', 'Economy within street leader teach life.'),
(146, 'USER0007', 'Approve PO', '2023-10-29 00:00:00', '187.36.18.177', 'Expect capital happy tend later have.'),
(147, 'USER0006', 'Approve PO', '2023-10-19 00:00:00', '158.172.109.17', 'Seek use future movie white should.'),
(148, 'USER0014', 'Create PO', '2023-09-15 00:00:00', '149.45.118.129', 'Put open out realize stay laugh.'),
(149, 'USER0003', 'Approve PO', '2023-03-07 00:00:00', '14.232.178.63', 'Pressure choice town statement wish when before.'),
(150, 'USER0008', 'Approve PO', '2023-06-07 00:00:00', '178.6.234.245', 'However beautiful whatever two wife us PM.'),
(151, 'USER0012', 'Create PO', '2023-11-22 00:00:00', '37.247.39.203', 'Society lawyer understand not eat expect board.'),
(152, 'USER0015', 'Login', '2023-03-26 00:00:00', '36.182.197.57', 'Wind country play commercial late firm possible along.'),
(153, 'USER0013', 'Logout', '2023-04-05 00:00:00', '51.38.179.109', 'Officer the suddenly best newspaper discussion.'),
(154, 'USER0002', 'Receive Material', '2023-02-18 00:00:00', '20.63.86.72', 'Baby bill gas reduce behavior enough.'),
(155, 'USER0010', 'Create PO', '2023-08-09 00:00:00', '32.85.59.28', 'Painting take than activity it direction factor.'),
(156, 'USER0004', 'Issue Material', '2023-04-04 00:00:00', '211.194.75.33', 'To radio off exactly little.'),
(157, 'USER0004', 'Receive Material', '2023-11-21 00:00:00', '139.121.49.64', 'Task heart peace many bag subject one.'),
(158, 'USER0015', 'Receive Material', '2023-02-06 00:00:00', '62.199.176.185', 'Seven including world hope list hundred set.'),
(159, 'USER0007', 'Issue Material', '2023-06-14 00:00:00', '124.220.0.252', 'Beautiful there house imagine everything.'),
(160, 'USER0015', 'Logout', '2023-11-27 00:00:00', '142.231.150.242', 'Foot training avoid miss pull.'),
(161, 'USER0014', 'Logout', '2023-07-24 00:00:00', '10.182.226.59', 'Account yourself analysis.'),
(162, 'USER0012', 'Approve PO', '2023-05-02 00:00:00', '161.144.41.143', 'Pressure season politics develop ever.'),
(163, 'USER0014', 'Issue Material', '2023-05-16 00:00:00', '129.131.116.222', 'Me explain back direction strong stand effect.'),
(164, 'USER0014', 'Approve PO', '2023-05-26 00:00:00', '222.20.75.152', 'Ball significant law piece.'),
(165, 'USER0010', 'Approve PO', '2023-12-06 00:00:00', '9.29.201.167', 'Pattern both serve development focus color claim.'),
(166, 'USER0007', 'Approve PO', '2023-06-03 00:00:00', '71.114.254.147', 'Tough certain land us record still follow.'),
(167, 'USER0015', 'Issue Material', '2023-10-31 00:00:00', '125.17.32.76', 'Radio today mention glass special.'),
(168, 'USER0004', 'Logout', '2023-11-21 00:00:00', '99.164.39.6', 'Recognize great fine animal full movie cause.'),
(169, 'USER0004', 'Login', '2023-06-08 00:00:00', '17.158.73.156', 'Personal recent pull nature go citizen.'),
(170, 'USER0001', 'Create PO', '2023-04-10 00:00:00', '107.184.145.51', 'Student rock floor soldier trip.'),
(171, 'USER0003', 'Receive Material', '2023-05-01 00:00:00', '76.226.250.53', 'Fill move several really many early.'),
(172, 'USER0015', 'Logout', '2023-08-20 00:00:00', '183.192.199.166', 'At whatever mention news easy.'),
(173, 'USER0009', 'Issue Material', '2023-06-26 00:00:00', '54.134.167.35', 'Carry form degree operation head choose range.'),
(174, 'USER0005', 'Receive Material', '2023-10-17 00:00:00', '129.220.160.32', 'Without must strategy friend quality available.'),
(175, 'USER0015', 'Approve PO', '2023-07-03 00:00:00', '194.213.176.98', 'Summer majority knowledge final citizen management.'),
(176, 'USER0013', 'Login', '2023-02-08 00:00:00', '87.181.28.174', 'Party plant today modern project find think.'),
(177, 'USER0007', 'Create PO', '2023-06-27 00:00:00', '71.32.20.74', 'Look executive condition.'),
(178, 'USER0014', 'Receive Material', '2023-08-24 00:00:00', '120.125.143.132', 'Help company listen city north herself.'),
(179, 'USER0014', 'Logout', '2023-01-03 00:00:00', '165.107.241.239', 'Visit hair yourself themselves.'),
(180, 'USER0004', 'Issue Material', '2023-04-17 00:00:00', '146.79.134.160', 'Medical rise entire far.'),
(181, 'USER0004', 'Create PO', '2023-12-01 00:00:00', '33.238.9.129', 'Ball brother our apply better.'),
(182, 'USER0002', 'Receive Material', '2023-05-21 00:00:00', '69.49.76.170', 'Raise time tend near be less.'),
(183, 'USER0009', 'Login', '2023-12-04 00:00:00', '40.133.147.81', 'Call record safe action rule.'),
(184, 'USER0010', 'Receive Material', '2023-02-17 00:00:00', '142.193.169.66', 'Generation during star indicate detail walk.'),
(185, 'USER0015', 'Receive Material', '2023-11-26 00:00:00', '223.246.139.189', 'Teach course change yard you.'),
(186, 'USER0005', 'Receive Material', '2023-02-16 00:00:00', '10.179.80.48', 'Both receive chance science newspaper.'),
(187, 'USER0011', 'Approve PO', '2023-12-10 00:00:00', '59.106.216.33', 'Deep for minute site key network by.'),
(188, 'USER0005', 'Issue Material', '2023-10-02 00:00:00', '16.144.117.9', 'Better listen real street in development television.'),
(189, 'USER0012', 'Logout', '2023-04-10 00:00:00', '41.121.55.255', 'Response certain pay guy set may bar reality.'),
(190, 'USER0009', 'Logout', '2023-11-14 00:00:00', '167.136.97.135', 'Strong Mrs seven current.'),
(191, 'USER0012', 'Logout', '2023-03-20 00:00:00', '17.88.207.177', 'Stop knowledge their board answer easy week.'),
(192, 'USER0003', 'Create PO', '2023-06-29 00:00:00', '199.39.220.126', 'Direction discussion near although.'),
(193, 'USER0007', 'Logout', '2023-12-08 00:00:00', '182.104.126.244', 'Large soon suggest stand hear black main.'),
(194, 'USER0009', 'Issue Material', '2023-12-04 00:00:00', '54.7.230.26', 'Consumer laugh very worker write available.'),
(195, 'USER0011', 'Logout', '2023-05-09 00:00:00', '80.164.33.48', 'Family list pretty woman.'),
(196, 'USER0009', 'Create PO', '2023-04-13 00:00:00', '197.30.150.6', 'Beat dinner look also.'),
(197, 'USER0013', 'Receive Material', '2023-06-07 00:00:00', '64.60.72.50', 'Can serve consumer.'),
(198, 'USER0001', 'Logout', '2023-12-22 00:00:00', '18.184.190.96', 'Price your need forward network often deep yes.'),
(199, 'USER0006', 'Login', '2023-10-04 00:00:00', '9.242.96.241', 'Herself plant citizen executive teacher.'),
(200, 'USER0004', 'Receive Material', '2023-08-20 00:00:00', '51.172.114.255', 'Both last oil religious speak north.');

-- --------------------------------------------------------

--
-- Table structure for table `user`
--

CREATE TABLE `user` (
  `user_id` varchar(25) NOT NULL,
  `username` varchar(50) DEFAULT NULL,
  `password` varchar(100) DEFAULT NULL,
  `name` varchar(100) DEFAULT NULL,
  `role` varchar(50) DEFAULT NULL,
  `department_id` varchar(25) DEFAULT NULL
) ENGINE=InnoDB DEFAULT CHARSET=utf8mb4 COLLATE=utf8mb4_general_ci;

--
-- Dumping data for table `user`
--

INSERT INTO `user` (`user_id`, `username`, `password`, `name`, `role`, `department_id`) VALUES
('USER0001', 'kaylashaw', 'EJZC0BVXX4BJ', 'Theresa Nguyen', 'Supervisor', 'DEPT003'),
('USER0002', 'jphillips', '1FBEV6YLD6J7', 'Brent Johnson', 'Manager', 'DEPT006'),
('USER0003', 'kennedyheather', '4XLWCJMV86EJ', 'Alyssa Burton', 'Technician', 'DEPT002'),
('USER0004', 'juan56', 'TUSV6L8CG4ZH', 'Kelly Williams', 'Manager', 'DEPT005'),
('USER0005', 'jasonmorrow', '6A9STB9IWLH2', 'Eric Wheeler', 'Technician', 'DEPT004'),
('USER0006', 'ccarey', 'F6U8Q6HVT3AP', 'Julia Harris', 'Clerk', 'DEPT003'),
('USER0007', 'howard44', 'K3JIREUO5NW2', 'Brian Moses Jr.', 'Technician', 'DEPT006'),
('USER0008', 'ralphgrant', '8J8BZXUZKZBU', 'Robert Dunn', 'Operator', 'DEPT003'),
('USER0009', 'ajenkins', 'LBG9KD9EM50B', 'David White', 'Technician', 'DEPT002'),
('USER0010', 'kellylawson', '5LS3VT081KCZ', 'Amy Hansen', 'Manager', 'DEPT005'),
('USER0011', 'qthompson', 'WEJBBQ72VBTR', 'Carlos Berry', 'Technician', 'DEPT002'),
('USER0012', 'kimberly31', 'RQSGGIAV7H46', 'Chelsea Peters', 'Manager', 'DEPT002'),
('USER0013', 'jaclyn48', '1QHFTC5UG6Y6', 'Tiffany Johnson', 'Technician', 'DEPT002'),
('USER0014', 'castropatrick', '1XCE1ESXW9A7', 'William Stone', 'Operator', 'DEPT002'),
('USER0015', 'gregory30', 'UPEOOQPQ0GSD', 'Christine Robinson', 'Supervisor', 'DEPT005');

--
-- Indexes for dumped tables
--

--
-- Indexes for table `department`
--
ALTER TABLE `department`
  ADD PRIMARY KEY (`id`);

--
-- Indexes for table `dim_date`
--
ALTER TABLE `dim_date`
  ADD PRIMARY KEY (`date_id`);

--
-- Indexes for table `dim_department`
--
ALTER TABLE `dim_department`
  ADD PRIMARY KEY (`department_id`);

--
-- Indexes for table `dim_material`
--
ALTER TABLE `dim_material`
  ADD PRIMARY KEY (`material_id`);

--
-- Indexes for table `dim_transaction_type`
--
ALTER TABLE `dim_transaction_type`
  ADD PRIMARY KEY (`transaction_type_id`);

--
-- Indexes for table `fact_inventory`
--
ALTER TABLE `fact_inventory`
  ADD PRIMARY KEY (`transaction_id`),
  ADD KEY `date_id` (`date_id`),
  ADD KEY `material_id` (`material_id`),
  ADD KEY `department_id` (`department_id`),
  ADD KEY `transaction_type_id` (`transaction_type_id`);

--
-- Indexes for table `fact_inventory_snapshot`
--
ALTER TABLE `fact_inventory_snapshot`
  ADD PRIMARY KEY (`snapshot_id`),
  ADD KEY `date_id` (`date_id`),
  ADD KEY `material_id` (`material_id`);

--
-- Indexes for table `inventory_transaction`
--
ALTER TABLE `inventory_transaction`
  ADD PRIMARY KEY (`transaction_id`),
  ADD KEY `material_id` (`material_id`);

--
-- Indexes for table `material`
--
ALTER TABLE `material`
  ADD PRIMARY KEY (`id`);

--
-- Indexes for table `material_clusters`
--
ALTER TABLE `material_clusters`
  ADD PRIMARY KEY (`material_id`);

--
-- Indexes for table `purchase_order`
--
ALTER TABLE `purchase_order`
  ADD PRIMARY KEY (`po_number`),
  ADD KEY `material_id` (`material_id`),
  ADD KEY `department_id` (`department_id`);

--
-- Indexes for table `system_log`
--
ALTER TABLE `system_log`
  ADD PRIMARY KEY (`log_id`),
  ADD KEY `user_id` (`user_id`);

--
-- Indexes for table `user`
--
ALTER TABLE `user`
  ADD PRIMARY KEY (`user_id`),
  ADD KEY `department_id` (`department_id`);

--
-- AUTO_INCREMENT for dumped tables
--

--
-- AUTO_INCREMENT for table `dim_transaction_type`
--
ALTER TABLE `dim_transaction_type`
  MODIFY `transaction_type_id` int(11) NOT NULL AUTO_INCREMENT, AUTO_INCREMENT=5;

--
-- AUTO_INCREMENT for table `fact_inventory_snapshot`
--
ALTER TABLE `fact_inventory_snapshot`
  MODIFY `snapshot_id` int(11) NOT NULL AUTO_INCREMENT, AUTO_INCREMENT=494;

--
-- AUTO_INCREMENT for table `system_log`
--
ALTER TABLE `system_log`
  MODIFY `log_id` int(11) NOT NULL AUTO_INCREMENT, AUTO_INCREMENT=201;

--
-- Constraints for dumped tables
--

--
-- Constraints for table `fact_inventory`
--
ALTER TABLE `fact_inventory`
  ADD CONSTRAINT `fact_inventory_ibfk_1` FOREIGN KEY (`date_id`) REFERENCES `dim_date` (`date_id`),
  ADD CONSTRAINT `fact_inventory_ibfk_2` FOREIGN KEY (`material_id`) REFERENCES `dim_material` (`material_id`),
  ADD CONSTRAINT `fact_inventory_ibfk_3` FOREIGN KEY (`department_id`) REFERENCES `dim_department` (`department_id`),
  ADD CONSTRAINT `fact_inventory_ibfk_4` FOREIGN KEY (`transaction_type_id`) REFERENCES `dim_transaction_type` (`transaction_type_id`);

--
-- Constraints for table `fact_inventory_snapshot`
--
ALTER TABLE `fact_inventory_snapshot`
  ADD CONSTRAINT `fact_inventory_snapshot_ibfk_1` FOREIGN KEY (`date_id`) REFERENCES `dim_date` (`date_id`),
  ADD CONSTRAINT `fact_inventory_snapshot_ibfk_2` FOREIGN KEY (`material_id`) REFERENCES `dim_material` (`material_id`);

--
-- Constraints for table `inventory_transaction`
--
ALTER TABLE `inventory_transaction`
  ADD CONSTRAINT `inventory_transaction_ibfk_1` FOREIGN KEY (`material_id`) REFERENCES `material` (`id`);

--
-- Constraints for table `material_clusters`
--
ALTER TABLE `material_clusters`
  ADD CONSTRAINT `material_clusters_ibfk_1` FOREIGN KEY (`material_id`) REFERENCES `dim_material` (`material_id`);

--
-- Constraints for table `purchase_order`
--
ALTER TABLE `purchase_order`
  ADD CONSTRAINT `purchase_order_ibfk_1` FOREIGN KEY (`material_id`) REFERENCES `material` (`id`),
  ADD CONSTRAINT `purchase_order_ibfk_2` FOREIGN KEY (`department_id`) REFERENCES `department` (`id`);

--
-- Constraints for table `system_log`
--
ALTER TABLE `system_log`
  ADD CONSTRAINT `system_log_ibfk_1` FOREIGN KEY (`user_id`) REFERENCES `user` (`user_id`);

--
-- Constraints for table `user`
--
ALTER TABLE `user`
  ADD CONSTRAINT `user_ibfk_1` FOREIGN KEY (`department_id`) REFERENCES `department` (`id`);
COMMIT;

/*!40101 SET CHARACTER_SET_CLIENT=@OLD_CHARACTER_SET_CLIENT */;
/*!40101 SET CHARACTER_SET_RESULTS=@OLD_CHARACTER_SET_RESULTS */;
/*!40101 SET COLLATION_CONNECTION=@OLD_COLLATION_CONNECTION */;
